event_id,toa_mjd_bary
B00001,60337.234183833003
B00002,60337.236142734997
B00003,60337.237433923001
B00004,60337.239662993001
B00005,60337.239740042001
B00006,60337.243931568002
B00007,60337.246031244998
B00008,60337.246412184002
B00009,60338.213252720998
B00010,60338.217141319998
B00011,60338.221055485003
B00012,60338.223898951001
B00013,60338.224252838998
B00014,60338.224704218999
B00015,60338.227776758002
B00016,60338.230027340003
B00017,60338.230987761002
B00018,60338.230989117001
B00019,60338.231439158997
B00020,60341.177133035002
B00021,60341.179233855997
B00022,60341.184595268001
B00024,60341.184694096999
B00025,60341.187328111999
B00026,60341.193019441002
B00027,60341.193905485001
B00028,60341.194749691000
B00029,60344.238303270999
B00030,60344.257277605000
B00031,60349.153141577997
B00032,60349.153491589997
B00033,60349.154614168998
B00034,60349.164506489004
B00035,60349.165758659998
B00036,60349.165896414997
B00037,60353.213105141003
B00038,60353.213853230998
B00040,60353.214434269001
B00041,60353.215672288003
B00042,60353.217044564997
B00043,60353.218162999001
B00044,60353.218563932998
B00045,60353.220231002000
B00046,60353.222644403999
B00047,60353.223463135997
B00048,60353.224094463003
B00049,60353.228096421997
B00050,60353.231029335999
B00051,60355.127910973999
B00052,60355.128751917000
B00053,60355.129720071003
B00054,60355.130750568998
B00055,60355.131006021998
B00056,60355.131203554003
B00057,60355.132103604999
B00058,60355.135537492002
B00059,60355.136364874001
B00060,60355.136746552998
B00061,60355.139043916002
B00062,60355.140168261998
B00063,60355.140554614998
B00064,60355.142543508999
B00065,60355.144294692996
B00066,60355.144887725000
B00067,60355.145849405999
B00068,60355.146036534003
B00069,60355.146164698002
B00070,60355.146641302999
B00071,60355.147033326000
B00072,60361.177203822997
B00073,60361.177758671998
B00074,60361.178178642003
B00075,60361.178375948002
B00076,60361.178532598999
B00077,60361.179017502000
B00078,60361.179122538000
B00079,60361.180525039003
B00081,60361.181746932001
B00082,60361.181775808996
B00083,60361.182016172999
B00084,60361.182524673000
B00085,60361.182976343000
B00086,60361.184185719998
B00087,60361.184558027002
B00088,60361.186616785999
B00089,60361.187198262996
B00090,60361.188605579002
B00092,60361.190055202998
B00093,60361.191421812997
B00094,60361.191506809999
B00095,60361.192517721000
B00096,60365.129413877999
B00097,60365.130778826999
B00098,60365.131647866001
B00099,60365.133299399000
B00100,60365.141192345000
B00101,60365.141511741997
B00102,60365.143672193000
B00103,60365.144876366998
B00104,60365.144949435999
B00105,60365.146286369003
B00106,60365.146298346997
B00107,60374.184842322000
B00108,60374.185037032003
B00110,60374.185051688997
B00111,60374.185196617997
B00112,60374.185228463000
B00113,60374.185331813002
B00114,60374.185347220002
B00116,60374.185416603003
B00117,60374.185424253003
B00118,60374.185446641000
B00119,60374.185492281002
B00121,60374.185507126997
B00122,60374.185599067001
B00124,60374.185714963998
B00127,60374.185956385001
B00128,60374.186065009999
B00129,60374.186121676998
B00130,60374.186319560999
B00131,60374.186420257000
B00132,60374.186421448998
B00133,60374.186473059999
B00134,60374.186570357000
B00136,60374.186581667003
B00137,60374.186647928997
B00139,60374.186657926999
B00140,60374.186738621000
B00141,60374.187053080001
B00142,60374.187151327002
B00144,60374.187183909999
B00146,60374.187185798997
B00147,60374.187225777998
B00148,60374.187367477003
B00149,60374.187377470000
B00150,60374.187393449000
B00151,60374.187637779003
B00152,60374.187677223999
B00153,60374.187744351002
B00154,60374.187811623000
B00155,60374.187863870000
B00156,60374.187981925999
B00157,60374.188011781996
B00158,60374.188045962001
B00159,60374.188183587001
B00160,60374.188402656000
B00161,60374.188412486001
B00162,60374.188419099002
B00163,60374.188513342000
B00164,60374.188596567001
B00165,60374.188758531003
B00166,60374.189250212003
B00167,60374.189290863003
B00168,60374.189381183998
B00169,60374.189447076002
B00170,60374.189563127999
B00171,60374.189564387998
B00172,60374.189635638002
B00173,60374.189696583999
B00174,60374.189706769001
B00175,60374.189909259003
B00176,60374.190154069998
B00177,60374.190222352001
B00178,60374.190238313997
B00179,60374.190242910998
B00180,60374.190288559003
B00181,60374.190413910001
B00183,60374.190463059000
B00184,60374.190478279001
B00185,60374.190526781000
B00186,60374.190569206999
B00187,60374.190598708999
B00189,60374.190634284001
B00190,60374.190691317999
B00191,60374.190890430000
B00192,60374.191129812003
B00193,60374.191311602000
B00194,60374.191413995999
B00195,60374.191640038000
B00196,60374.191687626000
B00197,60374.191825451002
B00198,60374.192025559998
B00199,60374.192112844001
B00201,60374.192127813003
B00202,60374.192134006997
B00205,60374.192153081996
B00206,60374.192457286998
B00207,60374.192677120998
B00209,60374.192720261999
B00211,60374.192789467997
B00212,60374.192878909002
B00213,60374.192981521999
B00215,60374.193018514001
B00216,60374.193044551997
B00217,60374.193372610003
B00218,60374.193450204999
B00219,60374.193473414998
B00222,60374.193654870003
B00225,60374.193720461997
B00226,60374.193770735001
B00228,60374.193855935002
B00229,60374.193943585997
B00230,60374.194058428002
B00231,60374.194092215999
B00232,60374.194156512000
B00233,60374.194398738000
B00234,60374.194565227001
B00235,60374.194566388003
B00237,60374.194796053001
B00239,60374.194993559002
B00240,60374.195079949997
B00241,60374.195149851999
B00242,60374.195191323997
B00243,60374.195327884001
B00244,60374.195764242999
B00245,60374.195945373998
B00246,60374.195982388999
B00249,60374.196018312003
B00250,60374.196027569000
B00251,60374.196028944003
B00252,60374.196068379999
B00253,60374.196315285000
B00254,60374.196366805998
B00256,60374.196430049997
B00257,60374.196475370998
B00258,60374.196595820002
B00259,60374.196669618002
B00260,60374.196742961001
B00261,60374.196830854002
B00264,60374.197027422997
B00265,60374.197236929998
B00266,60374.197282369998
B00268,60374.197684122002
B00269,60374.197822046997
B00270,60374.197893652999
B00272,60374.197923120999
B00274,60374.198298643998
B00276,60374.198872255998
B00277,60374.198897953000
B00278,60374.198926812001
B00279,60374.199009399003
B00280,60374.199097939003
B00281,60374.199157401003
B00282,60374.199557804997
B00283,60374.199564486000
B00285,60374.199569605997
B00287,60374.199598753003
B00288,60374.199851334000
B00289,60374.199913445002
B00290,60374.199945911998
B00291,60374.200196268001
B00292,60374.200326161001
B00293,60374.200373688996
B00294,60374.200527836001
B00295,60374.200764075998
B00296,60374.201104241001
B00298,60374.201121527003
B00299,60374.201795733999
B00300,60374.202120171001
B00301,60374.202143568000
B00302,60374.202417474997
B00303,60374.202420182999
B00304,60374.202472999998
B00307,60374.202488588999
B00308,60374.202524897999
B00309,60374.202607494000
B00311,60374.202929746003
B00312,60374.203199978998
B00313,60374.203277524000
B00315,60374.203460634002
B00317,60374.203496064998
B00318,60374.203548413003
B00319,60374.203624342001
B00320,60374.203701922001
B00321,60374.204038131997
B00323,60374.204064161000
B00324,60374.204232575001
B00325,60374.204444281000
B00327,60374.204488969001
B00328,60374.204515275997
B00329,60374.204574468997
B00330,60374.204711320999
B00331,60374.204730352998
B00332,60375.131736506002
B00334,60375.131902995003
B00335,60375.132182392001
B00336,60375.132211379001
B00337,60375.132373421999
B00338,60375.132450028002
B00339,60375.132464734001
B00340,60375.132534386001
B00341,60375.132565385000
B00342,60375.132899837998
B00343,60375.133144432002
B00344,60375.133233218003
B00345,60375.133265372002
B00346,60375.133373477998
B00347,60375.133497928000
B00348,60375.133505733000
B00349,60375.133520060997
B00350,60375.133536813002
B00351,60375.133550749997
B00352,60375.133707348003
B00356,60375.133714039002
B00357,60375.133959077997
B00358,60375.133967695001
B00359,60375.134050781999
B00360,60375.134274098004
B00362,60375.134407521997
B00364,60375.134428669000
B00365,60375.134677672002
B00366,60375.134818514001
B00368,60375.134869838999
B00369,60375.134933898000
B00370,60375.135778737997
B00371,60375.135834104003
B00372,60375.135844121003
B00374,60375.135876280001
B00375,60375.136135282999
B00377,60375.136323992003
B00378,60375.136343175000
B00379,60375.136617493001
B00380,60375.136679921998
B00382,60375.136689439001
B00383,60375.136949867003
B00385,60375.136996822002
B00386,60375.137382549001
B00388,60375.137401565000
B00389,60375.137515437003
B00390,60375.137602447998
B00391,60375.137616346998
B00392,60375.137992935997
B00393,60375.138009535003
B00394,60375.138111669003
B00395,60375.138224645001
B00396,60375.138288176000
B00397,60375.138327549001
B00398,60375.138529561002
B00399,60375.138530976001
B00400,60375.138549768002
B00401,60375.138680217002
B00402,60375.138765611002
B00404,60375.138830147996
B00405,60375.138923576000
B00406,60375.138955417002
B00407,60375.139233526002
B00408,60375.139337850000
B00409,60375.139393393001
B00411,60375.139727000002
B00412,60375.139789052002
B00413,60375.139897248002
B00414,60375.139914947998
B00415,60375.140268827003
B00416,60375.140314839002
B00417,60375.140377973999
B00418,60375.140406797000
B00420,60375.140477273999
B00421,60375.140642352999
B00422,60375.140787096003
B00423,60375.140789534998
B00424,60375.140806265998
B00425,60375.140907289999
B00426,60375.141027215999
B00427,60375.141125171998
B00430,60375.141335517001
B00432,60375.141366579002
B00433,60375.141400426997
B00435,60375.141566594997
B00436,60375.141622096002
B00437,60375.142090038004
B00439,60375.142121331999
B00440,60375.142506700999
B00441,60375.142588039998
B00442,60375.142600779996
B00443,60375.142616785997
B00444,60375.142626184002
B00445,60375.142718438001
B00447,60375.142720409000
B00448,60375.142837567000
B00449,60375.142839893000
B00450,60375.142939705998
B00451,60375.143288327999
B00452,60375.143553283000
B00453,60375.143590239000
B00454,60375.143679262001
B00455,60375.143828339002
B00456,60375.143979877997
B00457,60375.144084865999
B00458,60375.144329212999
B00459,60375.144477875001
B00460,60375.144562447000
B00462,60375.144625153996
B00463,60375.144712870002
B00464,60375.145053963999
B00465,60375.145262990001
B00467,60375.145347705999
B00468,60375.145356471003
B00469,60375.145412721002
B00470,60375.145421567999
B00471,60375.145597142000
B00472,60375.145771190997
B00473,60375.145787922003
B00474,60375.145897456001
B00475,60375.146052390002
B00476,60375.146054570003
B00479,60375.146208981001
B00480,60375.146304989001
B00482,60375.146691522998
B00484,60375.146723708996
B00485,60375.146923736000
B00486,60375.147058433999
B00487,60375.147292606998
B00489,60375.147441136003
B00490,60375.147485242996
B00491,60375.147618604002
B00493,60375.147727410003
B00494,60375.147812759998
B00495,60375.148020533998
B00496,60375.148049561998
B00497,60375.148118513003
B00500,60375.148562009999
B00501,60375.148563233997
B00502,60375.148615578997
B00503,60375.148670075003
B00504,60375.149033479000
B00505,60375.149075578003
B00506,60375.149136902000
B00507,60375.149189823998
B00510,60375.149221950996
B00511,60375.149371282001
B00512,60375.149716211999
B00513,60375.149815730001
B00515,60375.149886719999
B00517,60375.149947293001
B00518,60375.149950063998
B00519,60375.149973371997
B00520,60375.150042683003
B00521,60375.150044048001
B00522,60375.150122462001
B00523,60375.150203400997
B00524,60375.150208512001
B00525,60375.150279221001
B00526,60375.150307570002
B00527,60375.150421352002
B00528,60375.150555154003
B00530,60375.150670201001
B00531,60375.150695509001
B00532,60375.150919817999
B00533,60375.150950825999
B00534,60375.151177715001
B00535,60375.151204371003
B00536,60375.151212956000
B00537,60375.151438943998
B00538,60375.151471329998
B00539,60375.151767411997
B00540,60375.151930492000
B00541,60375.152127483998
B00543,60375.152193440998
B00544,60375.152246536003
B00545,60375.152386895999
B00546,60375.152547236998
B00547,60375.152560781004
B00548,60375.152583228002
B00549,60375.152706895002
B00550,60375.152853573003
B00551,60375.153076009999
B00552,60375.153281350002
B00553,60375.153289241003
B00554,60375.153297101002
B00555,60375.153318506003
B00556,60375.153461729002
B00557,60375.153529210002
B00558,60375.153770035999
B00559,60375.153795591003
B00560,60375.153823421999
B00561,60375.153875333002
B00562,60375.153927332001
B00563,60375.154200434001
B00564,60375.154330530997
B00566,60375.154356086998
B00567,60375.154382369998
B00568,60375.154474051000
B00569,60375.154528270003
B00570,60375.154693600998
B00573,60375.154817142000
B00575,60375.154877096000
B00576,60375.154920369998
B00577,60375.155150740000
B00578,60375.155231787998
B00579,60375.155354016999
B00580,60375.155359506003
B00581,60375.155369086999
B00583,60375.155397185998
B00584,60375.155476745997
B00585,60375.155524237998
B00586,60375.155529814001
B00587,60375.155843649998
B00588,60375.155966575003
B00590,60375.156059939000
B00591,60375.156119464998
B00592,60375.156139304003
B00593,60375.156159111000
B00594,60375.156211114001
B00597,60375.156387155999
B00598,60375.156437598002
B00599,60375.156452087998
B00600,60375.156605370001
B00601,60375.156699895000
B00602,60375.156716398000
B00603,60375.156738457998
B00604,60375.156814148999
B00605,60375.156869979997
B00606,60375.157092218004
B00607,60375.157143875003
B00608,60375.157180549002
B00609,60375.157357286997
B00610,60375.157442053998
B00611,60375.157562367000
B00612,60375.157658003001
B00614,60375.157737898997
B00615,60375.157796856001
B00616,60375.157990863001
B00617,60375.158136288999
B00619,60375.158400198001
B00620,60375.158565603997
B00621,60375.158713637000
B00622,60375.158863260003
B00623,60375.158947117001
B00625,60375.158971721001
B00626,60375.159084387997
B00627,60375.159089421002
B00628,60375.159093044000
B00629,60375.159180442002
B00631,60375.159288442999
B00632,60375.159363257000
B00633,60375.159496439999
B00634,60375.159697390998
B00635,60375.160039408998
B00636,60375.160401902001
B00637,60375.160413152997
B00638,60375.160782756000
B00639,60375.160831727000
B00640,60375.160985203998
B00642,60375.161134421003
B00643,60375.161255963001
B00644,60375.161345922999
B00645,60375.161450692001
B00646,60375.161489291000
B00648,60375.161604202003
B00649,60375.161770181003
B00650,60375.161788619000
B00651,60375.161884464003
B00653,60375.162020796000
B00654,60375.162045755998
B00656,60375.162202414002
B00657,60375.162278301999
B00660,60375.162342351003
B00661,60375.162344985998
B00662,60375.162383994997
B00663,60375.162401964000
B00664,60375.162438610001
B00665,60375.162448358999
B00666,60375.162530437003
B00667,60375.162614820998
B00668,60375.162755404999
B00669,60375.162781056002
B00670,60375.162869013002
B00672,60375.162932503001
B00673,60375.162949903002
B00674,60375.162979581997
B00675,60375.163080054997
B00676,60375.163097912999
B00677,60375.163197476999
B00678,60375.163344891997
B00680,60375.163609638003
B00681,60375.163848393000
B00682,60375.163851072997
B00683,60375.164001555000
B00684,60375.164211992000
B00685,60375.164260176003
B00686,60375.164352562002
B00689,60375.164401884002
B00692,60375.164428181000
B00693,60375.164484776004
B00694,60375.164583382997
B00695,60375.164723907998
B00696,60375.164799885999
B00697,60375.164924386001
B00698,60375.164982861002
B00699,60375.165005051997
B00700,60375.165006253003
B00701,60375.165035149003
B00702,60375.165067704002
B00703,60375.165102863000
B00705,60375.165266267002
B00706,60375.165362385000
B00707,60375.165467086001
B00708,60375.165505808000
B00710,60375.165694663003
B00712,60375.165697675999
B00713,60375.165698903998
B00715,60375.165818907000
B00717,60375.165832065002
B00718,60375.165988432003
B00719,60375.166051535001
B00720,60375.166077968002
B00722,60375.166199746003
B00723,60375.166204417001
B00724,60375.166317114003
B00725,60375.166567328997
B00726,60375.166648523002
B00727,60375.166832452996
B00728,60375.166851608999
B00729,60375.166983276999
B00730,60375.167139972000
B00732,60375.167255596003
B00734,60375.167436358999
B00735,60375.167473201000
B00737,60375.167761782002
B00738,60375.167981097999
B00740,60375.168010617999
B00742,60375.168341639001
B00743,60375.168406472003
B00744,60375.168547597001
B00745,60375.168623619997
B00746,60375.168655706999
B00747,60375.168860404003
B00749,60375.168958734001
B00750,60375.169281456001
B00751,60375.169773930997
B00752,60375.170001917002
B00753,60375.170145696000
B00754,60375.170213049998
B00755,60375.170332064998
B00756,60375.170456774002
B00758,60375.170494626000
B00759,60375.170722435003
B00760,60375.170728347999
B00761,60375.170772170997
B00762,60375.170787258001
B00764,60375.170847754001
B00765,60375.170859078004
B00766,60375.171110529001
B00767,60375.171145387998
B00768,60375.171165193999
B00769,60375.171278857997
B00770,60375.171440705002
B00771,60375.171585283999
B00772,60375.171844974000
B00774,60375.172141511001
B00775,60375.172333469003
B00776,60375.172386915001
B00777,60375.172412761000
B00778,60375.172446031000
B00779,60375.172498164997
B00780,60375.172524253001
B00781,60375.172875946002
B00782,60375.173014462998
B00783,60375.173292553998
B00786,60375.173610682999
B00788,60375.173733438998
B00789,60375.173761591999
B00791,60375.173787785003
B00792,60375.173829425003
B00793,60375.173982970002
B00795,60375.174017996003
B00799,60375.174032233001
B00801,60375.174076174997
B00802,60375.174221797002
B00803,60375.174349669003
B00804,60375.174388988002
B00805,60375.174499988003
B00806,60375.174868171001
B00807,60375.175173117997
B00810,60375.175263602003
B00811,60375.175314375003
B00812,60375.175545364997
B00813,60375.175564899000
B00814,60375.175727005000
B00815,60375.175728248003
B00816,60375.175765622000
B00817,60375.175909279002
B00819,60375.175926987999
B00821,60375.175947431999
B00823,60375.175995192003
B00828,60375.176064799998
B00829,60375.176081147001
B00830,60375.176114927002
B00831,60375.176117561998
B00832,60375.176262970002
B00833,60375.176299065999
B00836,60375.176377602002
B00838,60375.176474430002
B00840,60375.176558601001
B00841,60375.176560608001
B00842,60375.176631693997
B00844,60375.176807714000
B00845,60375.176907472996
B00847,60375.176916520999
B00848,60375.177124339003
B00849,60375.177168668997
B00851,60375.177179683000
B00853,60375.177248225002
B00856,60375.177528253997
B00857,60375.177529806002
B00858,60375.177928195000
B00860,60375.178253427999
B00861,60375.178429011001
B00862,60375.178443759003
B00864,60375.178520791000
B00865,60375.178522110997
B00866,60375.178524887997
B00867,60375.178543916001
B00868,60375.178561075001
B00869,60375.178719504001
B00871,60375.178741700001
B00872,60375.178785541997
B00873,60375.178908412003
B00874,60375.178913686999
B00875,60375.178945619002
B00876,60375.178959104000
B00877,60375.179284427002
B00878,60375.179296875001
B00879,60375.179388090997
B00880,60375.179580199001
B00881,60375.179660011003
B00882,60375.179751586002
B00883,60375.179772185002
B00884,60375.179775297998
B00885,60375.179863684003
B00886,60375.179866314000
B00887,60375.179894772999
B00888,60375.180047668000
B00889,60375.180112208000
B00892,60375.180145901999
B00894,60375.180206382996
B00895,60375.180429777000
B00896,60375.180484028002
B00897,60375.180984384002
B00898,60375.181139371998
B00899,60375.181223915999
B00900,60375.181225259003
B00901,60375.181293663998
B00902,60375.181361650000
B00903,60375.181520507002
B00904,60375.181538203004
B00905,60375.181540063997
B00906,60375.181662278002
B00907,60375.181663912001
B00908,60375.181741597997
B00909,60375.181845293999
B00910,60375.182035600003
B00911,60375.182089132002
B00912,60375.182095958997
B00914,60375.182215770998
B00915,60375.182371117997
B00916,60375.182433333997
B00918,60375.182515802997
B00919,60375.182598680003
B00920,60375.182625724003
B00921,60375.183050610998
B00922,60375.183063687000
B00925,60375.183089418999
B00926,60375.183803346001
B00927,60375.183825783999
B00928,60375.184027673000
B00929,60375.184171993998
B00930,60375.184197759001
B00932,60375.184435898002
B00933,60375.184500508003
B00934,60375.184643811997
B00935,60375.184727227999
B00936,60375.184736725998
B00937,60375.184761803997
B00938,60375.184799588002
B00939,60375.184970365000
B00940,60375.185039950004
B00941,60375.185222813998
B00942,60375.185338773001
B00944,60375.185351428001
B00947,60375.185375440000
B00948,60375.185409856997
B00950,60375.185432999999
B00952,60375.185686564000
B00954,60375.185718449997
B00955,60375.185863985003
B00956,60375.185870570996
B00957,60375.186280943999
B00959,60375.186346764000
B00960,60375.186434916999
B00961,60375.186482204001
B00962,60375.186571436003
B00963,60375.186589331002
B00964,60375.186629379001
B00966,60375.186715764998
B00967,60375.186742814003
B00968,60375.187008205998
B00969,60375.187106021003
B00970,60375.187506836999
B00971,60375.187667651000
B00972,60375.187723613002
B00975,60375.187836079000
B00976,60375.188002873001
B00977,60375.188221684002
B00978,60375.188231756001
B00979,60375.188285274002
B00980,60375.188552724001
B00982,60375.188643030000
B00983,60375.188703697997
B00984,60375.188739133999
B00985,60375.188774857001
B00986,60375.188794440000
B00987,60375.188863208998
B00988,60375.189075312002
B00989,60375.189137194997
B00990,60375.189183905000
B00992,60375.189189525998
B00993,60375.189207057003
B00994,60375.189237518003
B00995,60375.189247116999
B00996,60375.189383523000
B00997,60375.189425880999
B00998,60375.189841410996
B00999,60375.189873828996
B01000,60375.190180459998
B01001,60375.190200928002
B01002,60375.190320397000
B01003,60375.190351997000
B01004,60375.190454363001
B01005,60375.190458514997
B01006,60375.190611245001
B01008,60375.190754659998
B01009,60375.191140269002
B01010,60375.191284039000
B01011,60375.191304182998
B01012,60375.191349444998
B01013,60375.191367726999
B01015,60375.191525577997
B01017,60375.191702680997
B01018,60375.191804638001
B01019,60375.191886150998
B01021,60375.192192103998
B01023,60375.192239791999
B01024,60375.192301793999
B01025,60375.192327162003
B01026,60375.192434117002
B01029,60375.192659398999
B01032,60375.192662679998
B01033,60375.192710310002
B01034,60375.192727709000
B01035,60375.192816167000
B01036,60375.192859050003
B01037,60375.193109649997
B01038,60375.193132284003
B01039,60375.193137727001
B01040,60375.193483631003
B01042,60375.193497626002
B01043,60375.193667082000
B01044,60375.193684049998
B01045,60375.193764770003
B01046,60375.193826135001
B01050,60375.194239224998
B01052,60375.194397040003
B01053,60375.194474606003
B01054,60375.194947577998
B01055,60375.194970042001
B01056,60375.195159451003
B01057,60375.195238884997
B01058,60375.195270133998
B01061,60375.195335935998
B01064,60375.195434374997
B01065,60375.195492840001
B01066,60375.195522171998
B01067,60375.195532213002
B01068,60375.195731180000
B01069,60375.195896504003
B01070,60375.196029514002
B01071,60375.196179683000
B01072,60375.196224275998
B01073,60375.196306562997
B01074,60375.196491625000
B01075,60375.196671240999
B01076,60375.196684256996
B01078,60375.196721330998
B01079,60375.196910658997
B01080,60375.197773025997
B01083,60375.197921200997
B01084,60375.198049628001
B01085,60375.198149082004
B01086,60375.198325152000
B01087,60375.198336644004
B01090,60375.198351585997
B01091,60375.198641959003
B01092,60375.198708862998
B01093,60375.198875567003
B01094,60375.198882206998
B01095,60375.198996047002
B01096,60375.199168790001
B01097,60375.199594268001
B01098,60375.199627465001
B01099,60375.199728221000
B01100,60375.199806848002
B01101,60375.199820456997
B01102,60375.199862159003
B01103,60375.200143148999
B01104,60375.200144782997
B01105,60375.200387268997
B01106,60375.200456812003
B01107,60375.200642798998
B01108,60375.200689117002
B01110,60375.200724857998
B01111,60375.200901465003
B01112,60375.200991297999
B01114,60375.201161190998
B01115,60375.201186122998
B01116,60375.201649012000
B01117,60375.201794282999
B01118,60375.201846204000
B01119,60375.201891306999
B01120,60375.201893486999
B01123,60375.202028810003
B01124,60375.202109758000
B01125,60375.202111478997
B01126,60375.202245704000
B01127,60375.202421096001
B01128,60375.202913754998
B01129,60375.203052764002
B01130,60375.203502427998
B01131,60375.203668506998
B01132,60375.203729735003
B01135,60375.203994067000
B01138,60375.204014702998
B01140,60375.204067291997
B01141,60375.204091514002
B01143,60375.204094927001
B01144,60375.204164470000
B01145,60375.204211613003
B01146,60375.204462340000
B01147,60375.204563997002
B01148,60375.204621835001
B01149,60375.204683846001
B01150,60375.204719077003
B01151,60375.204724811003
B01152,60375.204836817997
B01153,60375.204905191000
B01154,60375.204963721000
B01155,60375.204967279999
B01156,60375.205122801002
B01157,60375.205125034001
B01159,60375.205191784000
B01160,60375.205237390997
B01161,60375.205349876000
B01162,60375.205362738001
B01163,60375.205512104003
B01164,60375.205540773000
B01166,60375.205666456000
B01167,60375.205755342002
B01168,60375.205976081998
B01169,60375.206028262000
B01170,60375.206068059000
B01171,60375.206095838999
B01172,60375.206109338003
B01173,60375.206132323001
B01174,60375.206171354002
B01175,60375.206188434000
B01176,60375.206213402998
B01177,60375.206241929998
B01178,60375.206350154003
B01179,60375.206409475002
B01181,60375.206669288003
B01182,60375.206681716998
B01184,60375.206701675997
B01185,60375.206787638999
B01186,60375.206864221997
B01187,60375.206962343000
B01188,60375.207137602003
B01189,60375.207153955002
B01190,60375.207179283003
B01191,60375.207301009999
B01193,60375.207416115998
B01194,60375.207701403000
B01195,60375.207870354003
B01196,60375.207997580001
B01197,60375.208158585003
B01198,60375.208173357998
B01199,60375.208223831003
B01200,60375.208272834003
B01201,60375.208646238003
B01202,60375.208756432003
B01204,60375.208785878996
B01205,60375.208879548001
B01207,60375.208889296999
B01208,60375.209058908003
B01209,60375.209077965003
B01211,60375.209192686998
B01214,60375.209239752003
B01215,60375.209513132002
B01216,60375.209679893997
B01217,60375.209717839003
B01218,60375.209759719000
B01219,60375.209790248999
B01220,60375.209821206998
B01222,60375.209955945000
B01223,60375.210045147003
B01224,60375.210054007999
B01226,60375.210112387002
B01227,60375.210115303998
B01228,60375.210138087001
B01229,60375.210395469003
B01230,60375.210911367001
B01231,60375.210936322001
B01234,60375.211072858998
B01235,60375.211287470003
B01236,60375.211413302997
B01237,60375.211587409998
B01238,60375.211697018000
B01239,60375.211822997000
B01240,60375.212018304002
B01241,60375.212273757003
B01243,60375.212358315002
B01244,60375.212554165002
B01245,60375.212863271001
B01246,60375.212911745999
B01247,60375.212913941003
B01248,60375.213036850997
B01249,60375.213221268001
B01250,60376.099587347999
B01251,60376.099635979001
B01252,60376.099745168001
B01253,60376.099817374001
B01254,60376.099819117000
B01255,60376.099851362997
B01256,60376.099873371997
B01258,60376.099911053003
B01259,60376.099922207002
B01261,60376.100064621001
B01262,60376.100359994001
B01263,60376.100361609002
B01264,60376.100487361000
B01265,60376.100624598999
B01267,60376.100790388002
B01268,60376.100896896001
B01269,60376.100947314997
B01270,60376.101099318003
B01272,60376.101209100001
B01274,60376.101587705001
B01275,60376.101602082999
B01276,60376.101907500000
B01277,60376.102171113002
B01278,60376.102193924002
B01279,60376.102225950999
B01281,60376.102271714000
B01282,60376.102273121003
B01284,60376.102309139002
B01285,60376.102393232999
B01286,60376.102767509998
B01287,60376.102936748997
B01288,60376.103018365997
B01289,60376.103069696001
B01290,60376.103193504001
B01291,60376.103224592996
B01292,60376.103428599003
B01293,60376.103590336999
B01294,60376.103592143998
B01295,60376.103760131999
B01296,60376.103903349998
B01297,60376.103929719997
B01298,60376.104010228002
B01299,60376.104031677998
B01300,60376.104158872004
B01301,60376.104355167001
B01302,60376.104438169001
B01303,60376.104850208998
B01304,60376.104851529002
B01305,60376.104853404002
B01306,60376.104942061997
B01307,60376.105095106999
B01308,60376.105096799998
B01309,60376.105138633997
B01310,60376.105157523001
B01311,60376.105212658003
B01312,60376.105227735003
B01314,60376.105303203003
B01315,60376.105304730001
B01317,60376.105317506001
B01319,60376.105349650999
B01321,60376.105351188002
B01322,60376.105413844998
B01323,60376.105427679002
B01324,60376.105867614999
B01325,60376.106077987999
B01326,60376.106122281999
B01327,60376.106280619999
B01328,60376.106622751999
B01329,60376.106899236001
B01330,60376.106903499996
B01331,60376.107052571999
B01332,60376.107070837003
B01333,60376.107100898000
B01334,60376.107216023003
B01336,60376.107218051999
B01337,60376.107250644003
B01339,60376.107264329003
B01340,60376.107499475002
B01341,60376.107727119001
B01342,60376.107733919998
B01343,60376.107751272997
B01344,60376.107773688003
B01345,60376.107941902002
B01346,60376.108138253003
B01348,60376.108194416003
B01350,60376.108201064999
B01351,60376.108224818003
B01353,60376.108239690999
B01354,60376.108329902003
B01355,60376.108370431997
B01356,60376.108469252998
B01357,60376.108508101999
B01358,60376.108560164001
B01359,60376.108603419001
B01360,60376.108669931004
B01362,60376.108768120997
B01363,60376.108774519998
B01364,60376.108796870998
B01365,60376.108899493003
B01366,60376.108912012998
B01367,60376.109101745998
B01368,60376.109157453000
B01369,60376.109160366999
B01370,60376.109413794002
B01371,60376.109457682003
B01372,60376.109721159002
B01373,60376.109784335000
B01374,60376.109891685999
B01376,60376.109982907001
B01379,60376.110167133003
B01380,60376.110201739997
B01381,60376.110294049002
B01383,60376.110364679997
B01385,60376.110388374000
B01386,60376.110389644004
B01388,60376.110492619999
B01390,60376.110525798998
B01392,60376.110690182002
B01393,60376.110908501003
B01394,60376.110975563999
B01397,60376.111050334999
B01398,60376.111056622001
B01399,60376.111060545001
B01400,60376.111208811002
B01401,60376.111460259002
B01402,60376.111495527002
B01403,60376.111670723003
B01405,60376.111845774001
B01406,60376.112083781998
B01407,60376.112122081002
B01408,60376.112142343998
B01409,60376.112287983000
B01410,60376.112446250001
B01411,60376.112671018003
B01412,60376.112719411998
B01413,60376.112806545003
B01414,60376.112824855001
B01416,60376.112971351002
B01417,60376.113016199000
B01418,60376.113019461998
B01420,60376.113174218997
B01421,60376.113338395997
B01422,60376.113476974002
B01423,60376.113487495997
B01424,60376.113740649998
B01425,60376.113776099999
B01428,60376.113837974000
B01429,60376.114002212002
B01430,60376.114039564003
B01431,60376.114040829001
B01432,60376.114042098998
B01433,60376.114205115002
B01434,60376.114285313000
B01435,60376.114591976999
B01436,60376.114628445997
B01437,60376.114688727997
B01439,60376.114935719997
B01440,60376.114939840001
B01442,60376.115429026999
B01444,60376.115492548997
B01445,60376.115624102997
B01447,60376.115707491997
B01448,60376.115721180999
B01449,60376.115788290001
B01450,60376.115818751998
B01451,60376.115844259002
B01453,60376.115846567998
B01454,60376.115878901001
B01455,60376.116266946003
B01456,60376.116373614001
B01457,60376.116415258002
B01459,60376.116444904997
B01461,60376.116471620997
B01463,60376.116480668003
B01464,60376.116566632998
B01465,60376.116715017997
B01466,60376.117021054000
B01468,60376.117059420001
B01469,60376.117159644004
B01470,60376.117255311998
B01472,60376.117398629998
B01473,60376.117483852999
B01474,60376.117571960996
B01476,60376.117591700000
B01478,60376.117610451001
B01479,60376.117611629001
B01481,60376.117883243998
B01482,60376.118002067997
B01483,60376.118032001999
B01484,60376.118072240002
B01487,60376.118087340998
B01488,60376.118137660000
B01489,60376.118238383999
B01490,60376.118623043003
B01491,60376.118625841998
B01492,60376.118884476004
B01493,60376.118965269998
B01494,60376.119005458000
B01495,60376.119172926003
B01496,60376.119211493002
B01497,60376.119268333998
B01498,60376.119290631003
B01499,60376.119413906003
B01500,60376.119441454000
B01501,60376.119657326002
B01502,60376.119685024001
B01504,60376.119701759999
B01505,60376.119776218002
B01506,60376.119832390003
B01507,60376.119834347002
B01508,60376.119847062997
B01509,60376.119888825000
B01511,60376.119911987000
B01513,60376.120097378000
B01514,60376.120103595000
B01515,60376.120180785001
B01517,60376.120214009003
B01518,60376.120517777999
B01519,60376.120537620998
B01520,60376.120607611003
B01521,60376.120656386003
B01523,60376.120714014003
B01524,60376.120724068998
B01525,60376.120834408997
B01527,60376.120872489002
B01529,60376.121075051997
B01530,60376.121078543001
B01531,60376.121181155999
B01532,60376.121404354002
B01533,60376.121406348000
B01534,60376.121420433003
B01535,60376.121474516003
B01536,60376.121609902999
B01537,60376.121635272000
B01538,60376.121874949997
B01539,60376.122088982003
B01540,60376.122454356999
B01542,60376.122456518999
B01543,60376.122641852002
B01545,60376.122895302004
B01546,60376.123222401002
B01547,60376.123409421998
B01551,60376.123412234003
B01552,60376.123447511003
B01553,60376.123860352003
B01554,60376.124132930003
B01557,60376.124178616003
B01558,60376.124397940999
B01559,60376.124594569999
B01560,60376.124778054000
B01561,60376.124949607998
B01563,60376.125186464997
B01564,60376.125206167999
B01565,60376.125273325997
B01567,60376.125305661000
B01568,60376.125357702003
B01569,60376.125420081997
B01570,60376.125464311001
B01571,60376.125508081001
B01572,60376.125533840001
B01573,60376.125539925997
B01574,60376.125640781000
B01575,60376.125689228997
B01576,60376.125726327002
B01577,60376.126156225000
B01578,60376.126218537000
B01579,60376.126283664998
B01581,60376.126395026004
B01583,60376.126411824000
B01584,60376.126707509997
B01585,60376.126970905003
B01587,60376.127201117000
B01589,60376.127248432997
B01590,60376.127410562003
B01591,60376.127542921000
B01592,60376.127682430997
B01595,60376.127740194999
B01596,60376.127750872998
B01597,60376.127752097003
B01598,60376.127799135000
B01599,60376.127805502001
B01601,60376.128011414999
B01602,60376.128047810998
B01603,60376.128099408001
B01604,60376.128113580999
B01605,60376.128170399003
B01606,60376.128240578997
B01607,60376.128380358001
B01608,60376.128422579997
B01610,60376.128520432001
B01611,60376.128593289002
B01613,60376.128644007003
B01614,60376.128736489001
B01615,60376.128832743998
B01616,60376.128885224003
B01617,60376.128956146997
B01618,60376.129059297004
B01619,60376.129151009001
B01621,60376.129193831999
B01622,60376.129268094999
B01625,60376.129308064003
B01626,60376.129322883004
B01627,60376.129709538996
B01629,60376.129718648001
B01630,60376.129937771999
B01631,60376.130064723999
B01632,60376.130390254002
B01634,60376.130461672001
B01635,60376.130648628998
B01636,60376.130719013003
B01638,60376.130906072998
B01639,60376.131073643999
B01640,60376.131132041002
B01641,60376.131232560001
B01642,60376.131397644000
B01643,60376.131587135002
B01644,60376.131671000003
B01645,60376.131708230001
B01646,60376.131898672997
B01647,60376.132298415003
B01648,60376.132405425000
B01650,60376.132450614001
B01651,60376.132451919999
B01652,60376.132675572997
B01653,60376.132847401001
B01654,60376.133111780000
B01655,60376.133173681999
B01656,60376.133269557999
B01657,60376.133315448002
B01658,60376.133960106999
B01660,60376.134105538003
B01662,60376.134117198999
B01663,60376.134119848000
B01664,60376.134279142003
B01665,60376.134578559999
B01666,60376.134687206999
B01668,60376.134691362000
B01669,60376.134870763999
B01670,60376.135032161001
B01671,60376.135109231996
B01672,60376.135208163003
B01673,60376.135216674003
B01675,60376.135328488999
B01677,60376.135381011001
B01681,60376.135480536999
B01682,60376.135588161997
B01683,60376.135840837997
B01684,60376.135900900998
B01685,60376.135914594997
B01687,60376.135918318003
B01688,60376.135951621000
B01689,60376.136182196002
B01690,60376.136209053002
B01691,60376.136226458002
B01692,60376.136255357000
B01696,60376.136308084002
B01697,60376.136328865003
B01698,60376.136486051997
B01701,60376.136497959000
B01704,60376.136548800001
B01705,60376.136648172003
B01706,60376.136712612999
B01707,60376.136884154999
B01708,60376.136927410000
B01709,60376.136942161000
B01710,60376.137083087000
B01711,60376.137244186997
B01712,60376.137318631998
B01713,60376.137371190001
B01714,60376.137453358999
B01716,60376.137533210000
B01717,60376.137544188001
B01719,60376.137606094999
B01720,60376.137631090001
B01721,60376.137633288003
B01722,60376.137794192997
B01723,60376.137869612001
B01724,60376.137926101997
B01726,60376.137933880003
B01727,60376.137990575000
B01729,60376.138314707001
B01732,60376.138436604000
B01733,60376.138504217000
B01734,60376.138859653001
B01735,60376.138991034000
B01736,60376.139251047003
B01737,60376.139296636997
B01738,60376.139562730998
B01739,60376.139752281997
B01740,60376.139753828997
B01741,60376.139830072003
B01742,60376.139970040997
B01743,60376.140196888999
B01745,60376.140376419004
B01746,60376.140523037997
B01747,60376.140836619001
B01750,60376.140890060000
B01751,60376.141053118001
B01752,60376.141161296997
B01753,60376.141267396000
B01754,60376.141311006999
B01755,60376.141452896001
B01756,60376.141486080000
B01757,60376.142253318001
B01760,60376.142370911999
B01761,60376.142398712000
B01763,60376.142517382003
B01764,60376.142527235999
B01765,60376.142936083997
B01766,60376.143013446002
B01767,60376.143032015003
B01768,60376.143043119999
B01769,60376.143120196000
B01770,60376.143193971999
B01771,60376.143236718002
B01772,60376.143311129999
B01773,60376.143473819000
B01775,60376.143533718001
B01776,60376.143572082001
B01777,60376.143704440998
B01779,60376.143824088998
B01780,60376.143856167000
B01781,60376.143895344001
B01782,60376.143945035001
B01783,60376.144011855999
B01784,60376.144476025001
B01785,60376.144640885999
B01786,60376.144830614998
B01790,60376.145026127000
B01792,60376.145103185001
B01794,60376.145707577998
B01799,60376.145778049999
B01801,60376.145786966001
B01802,60376.145910918996
B01803,60376.146268130004
B01804,60376.146318197003
B01805,60376.146427442000
B01806,60376.146533043997
B01807,60376.146564128998
B01808,60376.146597676001
B01809,60376.146607567003
B01811,60376.146640699997
B01812,60376.146935293000
B01813,60376.146963143001
B01814,60376.147327412000
B01815,60376.147444216003
B01816,60376.147624500998
B01818,60376.147641021002
B01819,60376.147694284999
B01821,60376.147714282997
B01822,60376.147806724002
B01823,60376.147922381002
B01824,60376.148052331999
B01826,60376.148151977002
B01827,60376.148279380999
B01828,60376.148286814001
B01829,60376.148298032000
B01830,60376.148319350999
B01832,60376.148404849999
B01833,60376.148489166997
B01834,60376.148504418001
B01835,60376.148564126001
B01837,60376.148603638001
B01838,60376.148604845999
B01840,60376.148677575002
B01841,60376.148745416998
B01842,60376.148824848999
B01843,60376.148841893999
B01844,60376.148858797002
B01845,60376.148904875001
B01846,60376.148935978003
B01847,60376.149258111000
B01848,60376.149290729998
B01849,60376.149516250000
B01850,60376.149596620002
B01853,60376.149651252999
B01854,60376.149727843003
B01855,60376.149787103997
B01857,60376.149874224000
B01858,60376.150142229999
B01859,60376.150161063000
B01862,60376.150170002002
B01863,60376.150178001997
B01864,60376.150555489003
B01865,60376.150651502001
B01867,60376.150663499000
B01869,60376.150750301000
B01870,60376.150862684997
B01871,60376.150962578999
B01876,60376.150985141998
B01877,60376.151067758998
B01878,60376.151135278000
B01879,60376.151192172998
B01880,60376.151233563003
B01881,60376.151410951999
B01882,60376.151578429999
B01883,60376.151588515000
B01884,60376.151594030998
B01885,60376.151650517000
B01886,60376.151767566000
B01887,60376.151969901999
B01888,60376.151985876997
B01889,60376.152031803998
B01891,60376.152132673000
B01892,60376.152238371003
B01894,60376.152263188997
B01896,60376.152286532997
B01897,60376.152322665002
B01900,60376.152326693002
B01901,60376.152368064999
B01902,60376.152537389004
B01903,60376.152557624002
B01905,60376.152561101000
B01906,60376.152830559004
B01907,60376.152874546002
B01908,60376.152992552001
B01910,60376.153003309999
B01911,60376.153344318001
B01912,60376.153438374997
B01913,60376.153456597996
B01914,60376.153551759999
B01915,60376.153595025004
B01916,60376.153692863001
B01917,60376.153694761000
B01918,60376.153732822997
B01919,60376.153746181000
B01920,60376.153772669000
B01921,60376.153861086001
B01924,60376.154134425997
B01925,60376.154163040002
B01926,60376.154240078999
B01927,60376.154347798001
B01928,60376.154363317997
B01929,60376.154406905000
B01930,60376.154434586002
B01931,60376.154477946002
B01933,60376.154839616000
B01935,60376.155077083000
B01936,60376.155252516000
B01938,60376.155441315997
B01939,60376.155468860001
B01941,60376.155507267998
B01942,60376.155556717997
B01943,60376.155784634997
B01944,60376.155888358000
B01945,60376.155912503003
B01946,60376.156064579001
B01948,60376.156112527002
B01949,60376.156265290003
B01950,60376.156309386002
B01951,60376.156310856000
B01952,60376.156335138003
B01953,60376.156381624001
B01954,60376.156446743997
B01955,60376.156574651999
B01956,60376.156595146000
B01957,60376.156652514997
B01958,60376.156784692997
B01959,60376.156823274003
B01960,60376.157064813997
B01961,60376.157109375003
B01962,60376.157135549001
B01963,60376.157253614001
B01964,60376.157255024998
B01965,60376.157279206003
B01966,60376.157325836997
B01967,60376.157553377998
B01968,60376.157575283003
B01969,60376.157635695999
B01972,60376.157780494999
B01973,60376.158035250999
B01974,60376.158098291002
B01975,60376.158350762998
B01976,60376.158572441003
B01977,60376.158712019002
B01978,60376.158724230001
B01980,60376.158741282998
B01982,60376.158940806999
B01983,60376.159039573002
B01985,60376.159139404997
B01988,60376.159200059999
B01989,60376.159463942000
B01990,60376.159625152002
B01991,60376.159627268004
B01992,60376.159888337999
B01993,60376.160100439003
B01994,60376.160165519002
B01996,60376.160201510000
B01997,60376.160443141001
B01999,60376.160669047000
B02000,60376.160731094002
B02001,60376.160834175003
B02002,60376.160907623998
B02003,60376.161090939997
B02006,60376.161130886001
B02007,60376.161184299999
B02008,60376.161496410998
B02009,60376.161507807003
B02010,60376.161590527001
B02011,60376.161741123004
B02013,60376.161796385000
B02014,60376.161907918002
B02015,60376.161997768999
B02016,60376.162032449000
B02018,60376.162050940999
B02020,60376.162054373002
B02021,60376.162092922001
B02022,60376.162193331998
B02023,60376.162369147001
B02024,60376.162394510997
B02025,60376.162401916001
B02026,60376.162469411996
B02027,60376.162680307003
B02028,60376.162702048998
B02029,60376.162782997999
B02030,60376.163025757996
B02031,60376.163477987997
B02032,60376.163546672004
B02033,60376.163659660997
B02034,60376.163661799997
B02035,60376.163714672002
B02036,60376.163872300000
B02037,60376.163880729000
B02039,60376.163889212999
B02041,60376.163989171997
B02042,60376.164048457002
B02043,60376.164264733001
B02044,60376.164276288000
B02045,60376.164468233997
B02046,60376.164493356002
B02047,60376.164530613001
B02049,60376.164668407000
B02050,60376.164801635001
B02051,60376.165042200999
B02052,60376.165048900999
B02053,60376.165299139000
B02054,60376.165312195997
B02056,60376.165344105000
B02057,60376.165457745003
B02058,60376.165749726002
B02059,60376.165783236997
B02062,60376.165806372002
B02063,60376.165816984998
B02064,60376.165832286999
B02065,60376.165872397003
B02066,60376.165942102998
B02067,60376.165948731003
B02068,60376.166018392003
B02069,60376.166054784000
B02071,60376.166094551998
B02072,60376.166164574002
B02073,60376.166183310997
B02074,60376.166468151998
B02075,60376.166754140002
B02076,60376.166885480001
B02077,60376.167247391000
B02078,60376.167356097998
B02079,60376.167444551997
B02080,60376.167463484999
B02081,60376.167672748001
B02083,60376.167713367002
B02084,60376.167719666002
B02085,60376.167790305997
B02086,60376.168109805003
B02087,60376.168168739001
B02088,60376.168320201003
B02089,60376.168474284001
B02090,60376.168978340000
B02091,60376.169018104003
B02092,60376.169019897003
B02093,60376.169064157999
B02094,60376.169186273000
B02096,60376.169194315000
B02098,60376.169447177999
B02099,60376.169486610997
B02100,60376.169674864999
B02101,60376.169706704997
B02103,60376.169834822998
B02106,60376.170264820998
B02107,60376.170292497998
B02108,60376.170296548000
B02109,60376.170300152997
B02110,60376.170321430000
B02111,60376.170330278001
B02113,60376.170450448997
B02114,60376.170498692001
B02115,60376.170659219999
B02116,60376.170679882001
B02117,60376.171272070002
B02118,60376.171334571998
B02119,60376.171441589999
B02121,60376.171529662002
B02122,60376.171565443998
B02123,60376.171680703999
B02124,60376.171686720998
B02125,60376.171789393004
B02126,60376.171886579999
B02128,60376.171889479003
B02129,60376.171991814997
B02130,60376.172021311999
B02132,60376.172050704001
B02133,60376.172144595999
B02134,60376.172296566998
B02135,60376.172309351001
B02136,60376.172367993997
B02138,60376.172434229004
B02139,60376.172790151002
B02140,60376.172792431003
B02141,60376.172866784997
B02142,60376.173211574001
B02143,60376.173384709000
B02144,60376.173430777002
B02146,60376.173555968999
B02147,60376.173652409001
B02148,60376.173736449004
B02149,60376.173990468000
B02150,60376.174049243004
B02151,60376.174068531000
B02153,60376.174139144998
B02154,60376.174263802997
B02155,60376.174350713001
B02156,60376.174387243002
B02157,60376.174470680002
B02158,60376.174997429000
B02159,60376.175003479002
B02160,60376.175076095999
B02161,60376.175088204000
B02162,60376.175106226998
B02163,60376.175268712002
B02164,60376.175299419003
B02165,60376.175304334000
B02167,60376.175308024998
B02170,60376.175387331001
B02171,60376.175522835998
B02172,60376.175558832001
B02173,60376.175715873003
B02174,60376.175849038002
B02175,60376.176268210002
B02177,60376.176394257003
B02178,60376.176461429000
B02179,60376.176533628997
B02181,60376.176650690999
B02182,60376.176778396002
B02183,60376.176919425998
B02184,60376.176946984000
B02186,60376.176978889998
B02187,60376.176985769998
B02188,60376.177232283997
B02189,60376.177289380001
B02190,60376.177415345002
B02191,60376.177493593997
B02193,60376.177750755000
B02194,60376.177898046000
B02195,60376.178117518000
B02196,60376.178238644003
B02197,60376.178285176997
B02198,60376.178305658003
B02199,60376.178422320001
B02200,60376.178571354998
B02201,60376.178699181997
B02202,60376.178728806000
B02203,60376.178932638999
B02204,60376.179032462998
B02205,60376.179097253000
B02206,60376.179332722000
B02207,60376.179458523002
B02208,60376.179805656997
B02209,60376.180104411003
B02210,60376.180124455001
B02211,60376.180131089997
B02212,60376.180263476999
B02213,60376.180406337000
B02215,60376.180453619003
B02216,60376.180779552997
B02217,60376.180877455001
B02218,60376.180955310003
B02219,60377.189794569997
B02221,60377.189859033002
B02224,60377.189889886002
B02225,60377.189891747999
B02226,60377.190003645002
B02228,60377.190013348001
B02229,60377.190036870001
B02230,60377.190050081001
B02231,60377.190094516001
B02232,60377.190242787001
B02233,60377.190272097003
B02236,60377.190305980999
B02237,60377.190418753002
B02239,60377.190425173998
B02240,60377.190432960997
B02241,60377.190508248998
B02242,60377.190537039998
B02243,60377.190809601001
B02244,60377.190822609002
B02246,60377.190933395999
B02247,60377.191037037999
B02248,60377.191072759997
B02249,60377.191246700997
B02251,60377.191288007001
B02252,60377.191297746998
B02253,60377.191326988999
B02254,60377.191338358003
B02256,60377.191345886000
B02258,60377.191476858003
B02259,60377.191534919002
B02260,60377.191774051003
B02261,60377.191814653001
B02263,60377.191939867000
B02264,60377.191980069001
B02265,60377.192081629000
B02266,60377.192174739997
B02268,60377.192512611997
B02269,60377.192651817000
B02271,60377.192731337003
B02273,60377.192752818999
B02274,60377.192815039001
B02275,60377.192825721002
B02276,60377.192984333000
B02277,60377.192991951000
B02278,60377.193005977999
B02279,60377.193035949997
B02280,60377.193093962996
B02281,60377.193110861997
B02284,60377.193356766998
B02286,60377.193435877001
B02288,60377.193437520000
B02289,60377.193607301000
B02290,60377.193645307998
B02291,60377.193656358002
B02292,60377.193706523001
B02293,60377.193740260998
B02294,60377.193795325002
B02296,60377.193877300000
B02297,60377.194064146999
B02299,60377.194113951999
B02300,60377.194235351999
B02301,60377.194248314001
B02302,60377.194253023998
B02304,60377.194278825998
B02305,60377.194285753001
B02306,60377.194339093003
B02307,60377.194389534998
B02308,60377.194561896998
B02309,60377.194571599997
B02310,60377.194605206001
B02312,60377.194607149002
B02313,60377.194694974998
B02314,60377.194704793001
B02315,60377.194738553997
B02316,60377.194744237997
B02317,60377.194755037999
B02318,60377.194876966998
B02321,60377.194913722997
B02323,60377.194922114999
B02324,60377.194987857998
B02325,60377.195011133997
B02326,60377.195214448002
B02327,60377.195222584996
B02328,60377.195235011000
B02329,60377.195276835999
B02330,60377.195401509001
B02331,60377.195473323998
B02332,60377.195555297003
B02333,60377.195575812999
B02336,60377.195835339997
B02337,60377.195836605999
B02338,60377.195997969000
B02340,60377.196015266003
B02341,60377.196043875003
B02342,60377.196105203002
B02343,60377.196283530997
B02344,60377.196377628003
B02346,60377.196381982998
B02347,60377.196501131002
B02348,60377.196709065000
B02349,60377.196786394998
B02351,60377.196821049001
B02352,60377.196959861998
B02353,60377.197028445000
B02354,60377.197117668002
B02356,60377.197177098999
B02357,60377.197230297999
B02358,60377.197237512002
B02360,60377.197310550997
B02361,60377.197371151000
B02362,60377.197380281003
B02365,60377.197403593003
B02366,60377.197604298999
B02367,60377.197669619003
B02368,60377.197676112999
B02369,60377.197835134997
B02370,60377.197958210003
B02371,60377.197968100001
B02373,60377.197986086998
B02374,60377.198021941003
B02375,60377.198065404998
B02376,60377.198113680999
B02377,60377.198164882997
B02378,60377.198347507001
B02379,60377.198498931997
B02380,60377.198579862998
B02381,60377.198608436003
B02383,60377.198703324997
B02385,60377.198732967001
B02386,60377.198753657001
B02388,60377.198923632997
B02389,60377.199051620002
B02390,60377.199092775998
B02391,60377.199094301002
B02392,60377.199177221002
B02393,60377.199179586998
B02394,60377.199211637002
B02395,60377.199315830003
B02396,60377.199673714000
B02397,60377.199913010001
B02398,60377.199918626000
B02399,60377.199974520001
B02400,60377.199976618002
B02403,60377.200089589998
B02404,60377.200622924996
B02405,60377.200653933003
B02406,60377.200902286000
B02407,60377.200986757998
B02408,60377.201093807998
B02409,60377.201103633997
B02411,60377.201107093002
B02412,60377.201174570000
B02413,60377.201383508997
B02414,60377.201723571001
B02415,60377.201764013000
B02416,60377.201869607998
B02417,60377.201906077004
B02418,60377.201950843999
B02419,60377.201983207997
B02420,60377.201995012998
B02423,60377.202155059000
B02425,60377.202263583000
B02426,60377.202327605002
B02427,60377.202380018003
B02428,60377.202589485001
B02429,60377.202723597999
B02434,60377.203012097998
B02438,60377.203015378996
B02439,60377.203037489002
B02440,60377.203301021000
B02441,60377.203424856001
B02442,60377.203656557002
B02444,60377.203722313003
B02445,60377.203774480004
B02446,60377.203923433997
B02448,60377.204198444997
B02449,60377.204301370999
B02450,60377.204624265003
B02451,60377.204804022003
B02452,60377.204957371003
B02453,60377.205096518002
B02454,60377.205140250997
B02455,60377.205402471998
B02456,60377.205498531002
B02457,60377.205502910001
B02458,60377.205540481002
B02459,60377.205578497000
B02460,60377.205970344003
B02461,60377.206341621000
B02462,60377.206353244997
B02463,60377.206371842003
B02464,60377.206428395999
B02465,60377.206517532002
B02466,60377.206624040999
B02467,60377.206713881998
B02468,60377.206942974997
B02469,60377.206961208001
B02470,60377.206988847996
B02471,60377.207219778000
B02472,60377.207308031997
B02473,60377.207350773002
B02480,60377.207525473998
B02481,60377.207570366998
B02482,60377.207612302998
B02483,60377.207728774003
B02484,60377.207783794998
B02486,60377.207945046001
B02487,60377.208091850996
B02488,60377.208155722998
B02489,60377.208200786001
B02490,60377.208235443999
B02491,60377.208462647002
B02494,60377.208519993001
B02495,60377.208576646997
B02496,60377.208674294998
B02497,60377.208864451000
B02498,60377.208921063997
B02499,60377.208947184001
B02500,60377.208995317997
B02501,60377.209005276003
B02502,60377.209031628001
B02503,60377.209086538998
B02504,60377.209296857996
B02505,60377.209527897998
B02506,60377.209530000000
B02507,60377.209722983003
B02508,60377.209923617003
B02509,60377.209948262003
B02511,60377.209949901997
B02512,60377.210122557000
B02513,60377.210170910002
B02514,60377.210334568997
B02515,60377.210346651998
B02516,60377.210393513000
B02517,60377.210540043998
B02518,60377.210556282997
B02519,60377.210735685003
B02520,60377.210781276000
B02521,60377.210944232997
B02522,60377.211087033997
B02523,60377.211101342997
B02524,60377.211258711999
B02526,60377.211266257997
B02527,60377.211292387001
B02528,60377.211336492997
B02530,60377.211350418002
B02531,60377.211532934998
B02532,60377.211944542003
B02533,60377.211962096000
B02534,60377.212013816999
B02535,60377.212191361999
B02536,60377.212392127003
B02537,60377.212587080001
B02539,60377.212909274996
B02540,60377.212922017003
B02542,60377.212929180998
B02543,60377.212981997996
B02544,60377.213184047003
B02545,60377.213252333000
B02546,60377.213292111999
B02549,60377.213527421998
B02550,60377.213819484998
B02551,60377.214136590999
B02552,60377.214312579003
B02553,60377.214524886003
B02554,60377.214659247998
B02556,60377.215047498001
B02557,60377.215307585000
B02559,60377.215627083999
B02560,60377.215756085003
B02561,60377.216282674999
B02562,60377.216395770003
B02563,60377.217120822002
B02565,60377.217346997997
B02566,60378.188489034001
B02567,60378.188717867000
B02569,60378.188961209002
B02570,60378.189125078003
B02571,60378.189128095997
B02572,60378.189168370001
B02574,60378.189186443000
B02575,60378.189302500003
B02576,60378.189321851001
B02577,60378.189326193999
B02578,60378.189358595002
B02579,60378.189698438000
B02580,60378.189888913999
B02581,60378.189919106997
B02582,60378.190294494998
B02583,60378.190395411002
B02584,60378.190455974996
B02585,60378.190853000000
B02586,60378.190941749999
B02587,60378.190943020003
B02588,60378.190997334998
B02589,60378.191119263996
B02590,60378.191328143999
B02592,60378.191549727999
B02593,60378.191553816003
B02596,60378.191757205997
B02597,60378.191868289003
B02598,60378.191891747003
B02599,60378.191923350998
B02602,60378.191937500997
B02603,60378.192075972998
B02604,60378.192192850001
B02607,60378.192204847001
B02608,60378.192418888997
B02609,60378.192731381998
B02610,60378.192752987998
B02611,60378.192789230001
B02612,60378.192895984001
B02613,60378.192909848003
B02614,60378.192927789001
B02615,60378.193085371997
B02618,60378.193119301999
B02619,60378.193121295000
B02620,60378.193134207999
B02621,60378.193287661998
B02623,60378.193346833003
B02624,60378.193359828001
B02625,60378.193377618001
B02626,60378.193431660002
B02627,60378.193522750000
B02628,60378.193784725001
B02629,60378.193795252002
B02630,60378.193797713997
B02631,60378.193835049002
B02634,60378.193871887001
B02635,60378.193989478001
B02636,60378.193992859000
B02637,60378.194023602999
B02638,60378.194199960999
B02639,60378.194206920001
B02640,60378.194321935000
B02641,60378.194384928996
B02647,60378.194390313001
B02650,60378.194447750000
B02651,60378.194481320003
B02653,60378.194610922001
B02654,60378.194815497001
B02656,60378.194867108999
B02657,60378.195107854001
B02658,60378.195313821001
B02659,60378.195352388000
B02660,60378.195444441997
B02661,60378.195454123001
B02663,60378.195540510998
B02664,60378.195576188002
B02670,60378.195767933001
B02671,60378.195837020998
B02672,60378.195853028003
B02673,60378.195895609002
B02674,60378.196071293998
B02675,60378.196192051997
B02676,60378.196232962997
B02677,60378.196322274001
B02678,60378.196445317000
B02679,60378.196553888003
B02680,60378.196557919997
B02681,60378.196703501002
B02682,60378.196757662001
B02683,60378.196951338003
B02684,60378.196960943998
B02685,60378.196979881999
B02686,60378.196988574004
B02687,60378.197151988999
B02688,60378.197189591003
B02692,60378.197232601000
B02694,60378.197236323998
B02695,60378.197247055003
B02697,60378.197259321001
B02699,60378.197322387998
B02700,60378.197338735998
B02702,60378.197592732999
B02703,60378.197757752998
B02705,60378.197823196999
B02708,60378.197893750003
B02710,60378.198044605997
B02711,60378.198086746997
B02712,60378.198122196998
B02713,60378.198147288000
B02714,60378.198244166000
B02715,60378.198511554001
B02716,60378.198516755001
B02717,60378.198572426998
B02718,60378.198774493998
B02719,60378.198843728002
B02720,60378.198889614003
B02721,60378.198995254003
B02722,60378.199014004997
B02723,60378.199119420999
B02724,60378.199435743001
B02725,60378.199616184000
B02726,60378.199620357002
B02727,60378.199739281998
B02728,60378.199827557997
B02729,60378.199895954996
B02730,60378.199924724002
B02731,60378.199979065997
B02732,60378.200089949998
B02734,60378.200120182999
B02735,60378.200122139999
B02736,60378.200297727002
B02737,60378.200329471998
B02738,60378.200393067003
B02739,60378.200461469001
B02740,60378.200516511999
B02741,60378.200639349998
B02742,60378.200825537999
B02743,60378.200968780999
B02744,60378.201050279997
B02745,60378.201083052001
B02746,60378.201161753997
B02747,60378.201222577001
B02748,60378.201278802997
B02749,60378.201339232000
B02750,60378.201415964999
B02751,60378.201504283003
B02752,60379.196138619998
B02753,60379.196174311997
B02754,60379.196185212000
B02755,60379.196358989000
B02757,60379.196373835002
B02758,60379.196445927002
B02759,60379.196823961000
B02760,60379.196971422003
B02761,60379.196980442997
B02762,60379.197019574996
B02763,60379.197095595002
B02764,60379.197183206998
B02765,60379.197240316003
B02767,60379.197314689001
B02768,60379.197324346998
B02770,60379.197538585002
B02772,60379.197584283997
B02773,60379.197632459000
B02774,60379.197710400003
B02776,60379.197712720998
B02777,60379.197755834997
B02778,60379.197785208999
B02779,60379.197791307997
B02780,60379.197861752997
B02781,60379.198020183001
B02782,60379.198150285003
B02783,60379.198250262998
B02784,60379.198371118000
B02785,60379.198388762998
B02786,60379.198416831001
B02787,60379.198552209004
B02789,60379.198656250999
B02790,60379.198695165003
B02791,60379.198742114997
B02792,60379.199080249004
B02794,60379.199085783002
B02795,60379.199131399997
B02796,60379.199207177997
B02797,60379.199230477003
B02798,60379.199232001003
B02799,60379.199490154999
B02800,60379.199571249002
B02801,60379.199664523003
B02802,60379.199744083999
B02803,60379.199786461002
B02804,60379.199809017999
B02805,60379.199813132000
B02806,60379.199814993000
B02807,60379.199864561000
B02808,60379.199900451997
B02810,60379.199907119997
B02811,60379.199979322002
B02812,60379.200024306003
B02813,60379.200150858996
B02814,60379.200208214002
B02815,60379.200324853999
B02816,60379.200376556997
B02817,60379.200391389997
B02818,60379.200462731002
B02819,60379.200620755997
B02820,60379.200804995999
B02821,60379.200869633998
B02824,60379.200906126003
B02825,60379.201132351001
B02826,60379.201224857003
B02828,60379.201452767004
B02832,60379.201495993002
B02834,60379.201522509997
B02835,60379.201549912999
B02836,60379.201587042000
B02837,60379.201767332997
B02838,60379.201896200997
B02839,60379.202018507996
B02840,60379.202310651002
B02841,60379.202367259000
B02847,60379.202406322998
B02848,60379.202566540996
B02850,60379.202662240001
B02853,60379.202681256000
B02854,60379.202693345003
B02855,60379.202704071999
B02856,60379.202740262997
B02857,60379.202809584000
B02858,60379.203040975000
B02859,60379.203200543001
B02860,60379.203280663998
B02861,60379.203355687001
B02862,60379.203518786999
B02863,60379.203601187000
B02864,60379.203667107999
B02865,60379.203719808000
B02867,60379.203724701001
B02868,60379.203791230997
B02869,60379.203880285997
B02870,60379.204027879998
B02871,60379.204236482001
B02872,60379.204256434998
B02873,60379.204278363999
B02874,60379.204338777003
B02875,60379.204383958000
B02876,60379.204430480000
B02877,60379.204535514997
B02878,60379.204606637999
B02879,60379.204840929000
B02882,60379.204866266002
B02883,60379.204872073999
B02884,60379.205176080999
B02885,60379.205235916001
B02888,60379.205252291998
B02889,60379.205454000003
B02891,60379.205493214002
B02892,60379.205495312002
B02893,60379.205525049998
B02894,60379.205549904997
B02895,60379.205626734001
B02896,60379.205771574001
B02897,60379.205784995000
B02899,60379.205874516003
B02901,60379.205885055999
B02903,60379.205928593998
B02907,60379.206145798998
B02908,60379.206166502001
B02909,60379.206191069999
B02910,60379.206398777002
B02911,60379.206434658998
B02912,60379.206464533003
B02913,60379.206471274003
B02914,60379.206493766003
B02915,60379.206504540001
B02918,60379.206663694000
B02919,60379.206778298998
B02921,60379.206914481998
B02923,60379.207026256998
B02924,60379.207058271000
B02925,60379.207424335000
B02926,60379.207426132998
B02927,60379.207501833000
B02929,60379.207532824003
B02930,60379.207564345998
B02931,60379.207734468000
B02932,60379.207766248997
B02933,60379.207767610002
B02934,60379.207871134000
B02935,60379.207962991997
B02936,60379.207990864001
B02937,60379.208031007001
B02941,60379.208185217001
B02943,60379.208187242999
B02944,60379.208303947002
B02945,60379.208391462998
B02947,60379.208393252004
B02949,60379.208415439003
B02950,60379.208419939998
B02952,60379.208515386003
B02953,60379.208739827001
B02954,60379.208888444002
B02956,60379.208920548997
B02957,60379.208969138002
B02958,60379.209050227997
B02959,60379.209202154998
B02961,60379.209318736001
B02962,60379.209447059002
B02963,60379.209873239997
B02964,60379.209938237997
B02965,60379.209998983999
B02966,60379.210535994003
B02967,60379.210712747001
B02968,60379.210721171999
B02969,60379.210762160001
B02970,60379.210838343999
B02971,60379.210854866004
B02972,60379.211078009997
B02973,60379.211080157998
B02974,60379.211090543999
B02975,60379.211174541997
B02976,60379.211418755003
B02977,60379.211538326002
B02978,60379.211614086002
B02979,60379.211624126998
B02980,60379.211786521002
B02981,60379.211788560002
B02982,60379.211984355999
B02983,60379.212382921003
B02984,60379.212390868001
B02985,60379.212716164999
B02988,60379.212832063000
B02989,60379.212966225998
B02990,60379.213176404002
B02991,60379.213338916998
B02993,60379.213398596999
B02994,60379.213420653003
B02995,60379.213447679002
B02996,60379.213566102000
B02997,60379.213628423000
B02998,60379.213686110001
B02999,60379.213717819999
B03000,60379.213757496997
B03001,60379.213766918001
B03002,60379.213894790999
B03003,60379.213908113001
B03004,60379.213956774998
B03006,60379.214044423999
B03007,60379.214149526000
B03009,60379.214257560001
B03010,60379.214337124999
B03011,60379.214376390002
B03012,60379.214622567997
B03013,60379.214643640997
B03015,60379.214872142002
B03016,60379.214952577000
B03017,60379.215014701003
B03019,60379.215043033000
B03020,60379.215105272000
B03021,60379.215196603000
B03022,60380.149639206997
B03023,60380.149663115000
B03024,60380.149737719003
B03025,60380.149808797003
B03026,60380.149819623999
B03027,60380.149866225001
B03028,60380.149935305002
B03029,60380.149937503003
B03030,60380.150250140003
B03031,60380.150338248000
B03032,60380.150376152000
B03033,60380.150450611000
B03034,60380.150468284002
B03035,60380.150548204001
B03036,60380.150565616997
B03037,60380.150583089999
B03038,60380.150592159996
B03039,60380.150627164003
B03040,60380.150734852003
B03044,60380.150826814999
B03046,60380.150845456999
B03047,60380.150868819001
B03048,60380.150907818999
B03049,60380.150925847003
B03050,60380.150941631000
B03051,60380.150962366999
B03052,60380.151044831000
B03053,60380.151288797999
B03054,60380.151293390001
B03056,60380.151336882998
B03058,60380.151357100003
B03059,60380.151406832003
B03060,60380.151431008002
B03061,60380.151453888000
B03062,60380.151460376997
B03063,60380.151524059002
B03064,60380.151680937000
B03066,60380.151711723003
B03067,60380.151846031004
B03068,60380.151853786003
B03069,60380.152036792999
B03070,60380.152055166996
B03071,60380.152134472999
B03072,60380.152155641001
B03074,60380.152205295999
B03075,60380.152280987000
B03077,60380.152377102000
B03078,60380.152393131997
B03079,60380.152420044004
B03081,60380.152508425002
B03083,60380.152808933002
B03084,60380.152826992999
B03085,60380.152834038003
B03086,60380.152865933000
B03087,60380.152888625998
B03089,60380.152913616999
B03090,60380.152928739997
B03091,60380.152982769003
B03092,60380.153052859001
B03093,60380.153353643997
B03094,60380.153397651004
B03095,60380.153451097001
B03096,60380.153529893003
B03098,60380.153677062997
B03100,60380.153790404001
B03101,60380.153851185998
B03102,60380.153926724000
B03104,60380.153970020998
B03105,60380.154011633000
B03106,60380.154058665998
B03107,60380.154131691001
B03108,60380.154158420999
B03111,60380.154208417000
B03113,60380.154294040003
B03114,60380.154468587003
B03115,60380.154616303997
B03119,60380.154647465999
B03122,60380.154803684003
B03123,60380.154805446000
B03124,60380.154904723000
B03125,60380.154957767998
B03126,60380.155066321000
B03127,60380.155117212998
B03128,60380.155120558004
B03129,60380.155154651999
B03131,60380.155163850999
B03132,60380.155169726000
B03133,60380.155279097999
B03135,60380.155316650998
B03136,60380.155366165003
B03137,60380.155386913000
B03138,60380.155416929003
B03139,60380.155501410001
B03140,60380.155589045004
B03141,60380.155726589001
B03142,60380.155730318002
B03143,60380.155844016997
B03145,60380.155971936001
B03146,60380.156034020001
B03147,60380.156053963998
B03148,60380.156055129002
B03149,60380.156237572002
B03150,60380.156366577998
B03151,60380.156397981002
B03152,60380.156402952001
B03153,60380.156460266000
B03155,60380.156461723003
B03156,60380.156508082000
B03157,60380.156626860997
B03158,60380.156631821999
B03159,60380.156642217997
B03160,60380.156746692002
B03161,60380.156758124998
B03163,60380.156805462997
B03164,60380.156826325998
B03165,60380.156869473001
B03166,60380.156951864999
B03167,60380.157000403997
B03169,60380.157031584997
B03170,60380.157033041003
B03171,60380.157347435001
B03172,60380.157426808997
B03173,60380.157459314003
B03174,60380.157473241998
B03175,60380.157486962999
B03177,60380.157613488998
B03179,60380.157794553001
B03180,60380.157884715001
B03181,60380.157909360001
B03182,60380.158037362002
B03183,60380.158043791002
B03184,60380.158064804004
B03185,60380.158184671003
B03187,60380.158240056000
B03188,60380.158306227000
B03189,60380.158312758002
B03194,60380.158360264002
B03195,60380.158460824998
B03196,60380.158541711004
B03198,60380.158643194998
B03200,60380.158706725997
B03203,60380.158709288997
B03204,60380.158787952998
B03207,60380.158790816997
B03208,60380.159024184002
B03209,60380.159379160999
B03210,60380.159492088002
B03211,60380.159738757997
B03213,60380.159805602998
B03214,60380.159880425999
B03215,60380.159996155999
B03216,60380.160019349998
B03217,60380.160034364999
B03218,60380.160145119997
B03221,60380.160180268998
B03223,60380.160182918000
B03224,60380.160344458003
B03225,60380.160439150997
B03226,60380.160645069001
B03227,60380.160662319002
B03228,60380.160683964998
B03229,60380.160886250997
B03230,60380.161014660996
B03231,60380.161404633000
B03232,60380.161511798004
B03234,60380.161598883002
B03235,60380.161678684999
B03236,60380.161714725997
B03237,60380.162023812998
B03239,60380.162182189000
B03240,60380.162299777003
B03242,60380.162330343002
B03243,60380.162439437001
B03244,60380.162495071003
B03245,60380.162506795998
B03246,60380.162559008000
B03248,60380.162737204999
B03251,60380.162774183998
B03252,60380.163069089002
B03253,60380.163087535002
B03254,60380.163385977001
B03255,60380.163390360001
B03256,60380.163409403001
B03257,60380.163419760996
B03258,60380.163431439003
B03259,60380.163446291001
B03260,60380.163478331997
B03262,60380.163515460998
B03264,60380.163533765997
B03265,60380.163568974996
B03266,60380.163630522002
B03269,60380.163670779002
B03270,60380.163672367002
B03271,60380.163686243002
B03272,60380.163708594999
B03273,60380.163736276001
B03275,60380.163769790997
B03277,60380.163776832997
B03278,60380.163779230999
B03279,60380.163872309000
B03280,60380.163936046003
B03281,60380.163979119003
B03282,60380.163994442999
B03283,60380.164011711000
B03284,60380.164027138999
B03285,60380.164031954999
B03286,60380.164119708003
B03287,60380.164153614998
B03288,60380.164160179003
B03289,60380.164222690000
B03294,60380.164239165999
B03296,60380.164353166001
B03297,60380.164377998000
B03298,60380.164436924002
B03299,60380.164583270998
B03300,60380.164662422001
B03301,60380.164783118002
B03303,60380.164814470998
B03304,60380.164816500997
B03305,60380.165027966999
B03306,60380.165056495003
B03308,60380.165150061002
B03309,60380.165175397997
B03310,60380.165177149996
B03311,60380.165187503997
B03317,60380.165375502998
B03318,60380.165378630001
B03319,60380.165430433997
B03321,60380.165550377998
B03322,60380.165643483997
B03323,60380.165646483001
B03325,60380.165737276002
B03327,60380.165810965998
B03328,60380.165948041002
B03329,60380.166003416998
B03330,60380.166175429003
B03331,60380.166268884997
B03332,60380.166410639002
B03333,60380.166447928001
B03334,60380.166513388998
B03335,60380.166625505000
B03336,60380.166657829002
B03337,60380.166679807000
B03338,60380.166683274998
B03340,60380.166702235001
B03341,60380.166717423002
B03342,60380.166783262997
B03343,60380.166854066003
B03344,60380.167019182998
B03345,60380.167036749997
B03346,60380.167168665001
B03349,60380.167322890004
B03350,60380.167364825000
B03351,60380.167414092997
B03353,60380.167474369999
B03354,60380.167571708997
B03355,60380.167604278002
B03357,60380.167639886000
B03359,60380.167726339001
B03360,60380.167778465002
B03361,60380.167798691000
B03362,60380.167853651998
B03363,60380.168046047998
B03364,60380.168219389001
B03365,60380.168238311999
B03366,60380.168279115001
B03367,60380.168425456999
B03368,60380.168481129003
B03369,60380.168490167001
B03370,60380.168539735001
B03372,60380.168670157000
B03373,60380.168932260996
B03376,60380.169064315996
B03377,60380.169181044002
B03378,60380.169225705999
B03379,60380.169253086002
B03380,60380.169279570000
B03382,60380.169283351999
B03383,60380.169291931001
B03385,60380.169519591000
B03386,60380.169560734001
B03387,60380.169627256000
B03389,60380.169662565000
B03392,60380.169720393998
B03393,60380.169744835002
B03394,60380.169813713001
B03395,60380.169876403001
B03396,60380.170021733997
B03398,60380.170113720997
B03399,60380.170198501997
B03402,60380.170270907998
B03403,60380.170464051000
B03404,60380.170812051998
B03405,60380.170837789999
B03406,60380.170918420001
B03407,60380.170947739003
B03408,60380.170962256998
B03409,60380.170963736004
B03410,60380.171007365003
B03411,60380.171043720999
B03412,60380.171099642997
B03414,60380.171452358001
B03416,60380.171464409999
B03419,60380.171481609003
B03422,60380.171515221002
B03423,60380.171586388999
B03424,60380.171684497000
B03425,60380.171686267000
B03426,60380.171873393003
B03427,60380.171923189002
B03429,60380.172024945998
B03430,60380.172038550998
B03431,60380.172102454999
B03432,60380.172104926001
B03433,60380.172194974002
B03434,60380.172322983002
B03435,60380.172399896997
B03436,60380.172460463997
B03437,60380.172501761997
B03438,60380.172533835001
B03439,60380.172610287998
B03440,60380.172692229004
B03441,60380.172766169002
B03442,60380.172832475997
B03443,60380.172925419000
B03444,60380.172927753003
B03445,60380.173057118998
B03447,60380.173186621003
B03448,60380.173315546002
B03449,60380.173429419003
B03450,60380.173450167997
B03451,60380.173493629001
B03452,60380.173517000003
B03453,60380.173607956996
B03454,60380.173720919003
B03455,60380.173832221997
B03456,60380.173900736001
B03457,60380.173964526999
B03458,60380.173975669000
B03460,60380.174142313997
B03461,60380.174175847998
B03463,60380.174212985999
B03464,60380.174219303997
B03465,60380.174238555002
B03466,60380.174300002996
B03468,60380.174509256998
B03469,60380.174529247000
B03470,60380.174622156002
B03471,60380.174723071999
B03472,60380.174947259999
B03474,60380.175055767002
B03475,60380.175172124000
B03477,60380.175247521001
B03478,60380.175251430002
B03479,60380.175289762003
B03480,60380.175298681999
B03481,60380.175315061999
B03482,60380.175385871000
B03483,60380.175481817001
B03484,60380.175492039001
B03487,60380.175746018998
B03488,60380.175786002001
B03489,60380.175906823999
B03490,60380.175954904000
B03491,60380.176017003003
B03492,60380.176032199000
B03493,60380.176094137998
B03494,60380.176240006003
B03495,60380.176299660998
B03496,60380.176381593003
B03497,60380.176404053003
B03498,60380.176725518999
B03499,60380.176805599003
B03500,60380.177020951996
B03501,60380.177090054996
B03502,60380.177102278998
B03503,60380.177131039003
B03505,60380.177197042001
B03506,60380.177351211998
B03507,60380.177414347003
B03508,60380.177437814003
B03509,60380.177527056003
B03510,60380.177606256999
B03511,60380.177627776000
B03512,60380.177676373998
B03513,60380.177687101997
B03514,60380.177848202999
B03516,60380.177880645002
B03517,60380.178038974998
B03518,60380.178044446002
B03519,60380.178083831997
B03520,60380.178132754001
B03521,60380.178168491002
B03522,60380.178196376000
B03523,60380.178204295997
B03524,60380.178357901998
B03525,60380.178485174001
B03526,60380.178510154998
B03528,60380.178548085998
B03530,60380.178561621004
B03531,60380.178586435002
B03532,60380.178611390002
B03533,60380.178715146001
B03534,60380.178927537003
B03535,60380.179031077998
B03537,60380.179054166001
B03538,60380.179057784997
B03539,60380.179059451002
B03540,60380.179082852999
B03541,60380.179159628999
B03542,60380.179479503000
B03543,60380.179589503001
B03545,60380.179597167000
B03546,60380.179599955998
B03548,60380.179672826998
B03549,60380.179710384997
B03554,60380.179767599002
B03556,60380.179773652002
B03557,60380.179786615001
B03559,60380.179873790003
B03560,60380.179885227000
B03561,60380.179886482998
B03562,60380.179962811999
B03563,60380.179998685999
B03564,60380.180223878997
B03565,60380.180226094999
B03566,60380.180288456999
B03567,60380.180304768997
B03568,60380.180422406003
B03569,60380.180506561002
B03571,60380.180554826002
B03572,60380.180815745996
B03573,60380.180845862000
B03574,60380.180849816999
B03575,60380.180917832004
B03576,60380.180959439997
B03578,60380.181032396002
B03579,60380.181071036997
B03580,60380.181078701004
B03581,60380.181086643002
B03586,60380.181199461003
B03587,60380.181250066998
B03588,60380.181266273001
B03589,60380.181329291001
B03591,60380.181347079997
B03593,60380.181349352999
B03598,60380.181382395000
B03599,60380.181383823998
B03600,60380.181476388003
B03601,60380.181524521999
B03602,60380.181662786999
B03603,60380.181677637003
B03604,60380.181680440000
B03605,60380.181807221001
B03606,60380.181926101002
B03607,60380.181990928999
B03608,60380.181993997001
B03610,60380.182070700001
B03611,60380.182195132002
B03612,60380.182286864001
B03613,60380.182579820001
B03614,60380.182591247998
B03615,60380.182629207004
B03616,60380.182712148999
B03617,60380.182974640004
B03618,60380.183088188998
B03619,60380.183188540999
B03620,60380.183362527998
B03621,60380.183403128998
B03622,60380.183420191999
B03623,60380.183425927004
B03624,60380.183464125999
B03625,60380.183500435996
B03626,60380.183569284003
B03627,60380.183628418003
B03628,60380.183694006999
B03632,60380.183733384998
B03633,60380.183770636002
B03634,60380.183797849000
B03635,60380.183811748997
B03636,60380.183823314001
B03638,60380.183916023001
B03639,60380.184075413999
B03641,60380.184130807000
B03643,60380.184259422000
B03644,60380.184315166000
B03646,60380.184345955997
B03647,60380.184437659998
B03648,60380.184507061997
B03649,60380.184533031999
B03650,60380.184570971003
B03652,60380.184640546999
B03653,60380.184721728001
B03656,60380.184733843002
B03657,60380.184744539001
B03658,60380.184853145998
B03659,60380.185009255998
B03660,60380.185027760999
B03661,60380.185071257001
B03662,60380.185141333997
B03663,60380.185153145001
B03664,60380.185154614999
B03665,60380.185292176997
B03668,60380.185354551999
B03669,60380.185372621003
B03670,60380.185419481000
B03671,60380.185432302002
B03673,60380.185454334998
B03674,60380.185455854997
B03675,60380.185549011003
B03676,60380.185554367999
B03677,60380.185576600998
B03678,60380.185641966003
B03679,60380.185866072003
B03680,60380.185950698004
B03681,60380.186094473996
B03682,60380.186111973002
B03683,60380.186181666999
B03684,60380.186209129002
B03685,60380.186217998998
B03686,60380.186442031998
B03687,60380.186494672002
B03688,60380.186570888000
B03689,60380.186641998000
B03690,60380.186673438002
B03691,60380.186685212000
B03692,60380.186752107002
B03694,60380.186792799002
B03695,60380.186803158998
B03696,60380.186805042998
B03697,60380.186917232000
B03698,60380.186961234002
B03699,60380.187022639002
B03700,60380.187092366003
B03701,60380.187130163002
B03702,60380.187346318002
B03703,60380.187389833001
B03704,60380.187645988000
B03705,60380.187842166997
B03706,60380.187909093002
B03707,60380.187987252997
B03708,60380.187996205997
B03709,60380.188097894999
B03712,60380.188361182001
B03713,60380.188420138998
B03715,60380.188642223002
B03716,60380.188735529999
B03717,60380.188765714003
B03718,60380.188835640001
B03719,60380.188845903001
B03720,60380.188858242000
B03721,60380.188877346998
B03724,60380.189003590996
B03725,60380.189128933998
B03726,60380.189203264999
B03727,60380.189265440000
B03729,60380.189278972000
B03730,60380.189280970000
B03731,60380.189332845002
B03732,60380.189675706999
B03733,60380.189678911003
B03734,60380.189681246004
B03735,60380.189752396000
B03736,60380.189826168003
B03737,60380.189881885002
B03738,60380.189923045997
B03739,60380.190166048997
B03740,60380.190255189998
B03741,60380.190322859002
B03742,60380.190402847998
B03745,60380.190442610998
B03746,60380.190470611000
B03747,60380.190518650001
B03748,60380.190535135000
B03749,60381.035197222998
B03750,60381.035199413003
B03752,60381.035255051997
B03753,60381.035280096999
B03754,60381.035356982000
B03755,60381.035424310001
B03756,60381.035455398996
B03757,60381.035486180997
B03758,60381.035537668999
B03759,60381.035638549001
B03760,60381.035694569997
B03761,60381.035762813000
B03763,60381.035777764002
B03764,60381.035802814004
B03765,60381.035859668998
B03766,60381.035953216000
B03767,60381.036065243003
B03768,60381.036080489001
B03769,60381.036117595002
B03770,60381.036127079999
B03771,60381.036141864002
B03772,60381.036155043003
B03773,60381.036197080000
B03774,60381.036613073004
B03775,60381.036656295997
B03776,60381.036759420000
B03777,60381.036956545002
B03778,60381.037049236998
B03779,60381.037112372003
B03780,60381.037118348002
B03782,60381.037182508000
B03783,60381.037189684997
B03785,60381.037238192999
B03786,60381.037432206002
B03787,60381.037519999998
B03788,60381.037830574998
B03789,60381.037960009999
B03790,60381.037989361997
B03791,60381.038092479997
B03792,60381.038097509001
B03793,60381.038126765998
B03794,60381.038333008000
B03796,60381.038554974002
B03797,60381.038560918001
B03799,60381.038598498999
B03800,60381.038698527002
B03801,60381.038723823003
B03802,60381.038777291003
B03803,60381.039001270001
B03804,60381.039029391999
B03806,60381.039052608001
B03807,60381.039188715004
B03808,60381.039306015999
B03810,60381.039433812002
B03812,60381.039592046000
B03813,60381.039692074999
B03815,60381.039704663999
B03816,60381.039733956000
B03817,60381.039737002997
B03819,60381.039791779003
B03820,60381.039817668003
B03821,60381.039960331997
B03822,60381.039971610997
B03823,60381.040018804000
B03824,60381.040038984000
B03825,60381.040158021002
B03826,60381.040223434000
B03828,60381.040241130002
B03829,60381.040331114003
B03831,60381.040426590997
B03832,60381.040444063001
B03834,60381.040471284003
B03835,60381.040482502998
B03836,60381.040580232999
B03838,60381.040671483002
B03839,60381.040673871998
B03840,60381.040693700998
B03841,60381.040831086997
B03842,60381.040972504998
B03843,60381.041281357000
B03844,60381.041342990000
B03847,60381.041417517001
B03848,60381.041609519001
B03850,60381.041680194998
B03851,60381.041925514997
B03852,60381.041951143001
B03853,60381.042075498000
B03854,60381.042077017999
B03855,60381.042082589003
B03856,60381.042113060001
B03858,60381.042127715999
B03859,60381.042244142001
B03861,60381.042283101000
B03862,60381.042422976003
B03863,60381.042490499000
B03864,60381.042519385999
B03865,60381.042536886001
B03866,60381.042551263003
B03867,60381.042554207997
B03868,60381.042562937997
B03870,60381.042805281002
B03871,60381.042818889000
B03872,60381.042877760003
B03873,60381.042913477999
B03874,60381.042917156003
B03875,60381.042959257997
B03876,60381.043044655002
B03877,60381.043107881997
B03878,60381.043161041001
B03879,60381.043362978002
B03880,60381.043431765997
B03881,60381.043540038001
B03883,60381.043573157003
B03884,60381.043694467000
B03887,60381.043712796003
B03888,60381.043715457999
B03891,60381.043719695001
B03892,60381.043741077003
B03893,60381.043765440001
B03894,60381.043812297001
B03895,60381.043929387000
B03897,60381.043971239997
B03898,60381.043972492000
B03900,60381.044066271999
B03901,60381.044136113000
B03902,60381.044232553002
B03906,60381.044288133999
B03907,60381.044357578001
B03909,60381.044453413997
B03910,60381.044508831001
B03911,60381.044744197003
B03912,60381.044974183002
B03913,60381.045147286000
B03915,60381.045149047997
B03916,60381.045225084003
B03917,60381.045348059000
B03918,60381.045499444001
B03920,60381.045557149002
B03921,60381.045574616997
B03923,60381.045658392999
B03924,60381.045673731001
B03925,60381.046090798001
B03926,60381.046180849997
B03927,60381.046378658997
B03928,60381.046506359002
B03929,60381.046556396999
B03930,60381.046715185003
B03931,60381.046768886998
B03932,60381.046939915002
B03933,60381.046971278003
B03934,60381.046991021998
B03935,60381.047037381002
B03937,60381.047126737001
B03938,60381.047173346997
B03939,60381.047218931002
B03941,60381.047221731002
B03942,60381.047247841998
B03943,60381.047420641000
B03944,60381.047422028998
B03946,60381.047462795999
B03947,60381.047639586002
B03948,60381.047682249999
B03949,60381.047798157997
B03950,60381.047847062000
B03951,60381.047887913999
B03952,60381.047903947998
B03953,60381.047905245003
B03954,60381.048001641997
B03957,60381.048033359999
B03958,60381.048035758002
B03959,60381.048051514997
B03960,60381.048124898000
B03962,60381.048205045998
B03963,60381.048236242001
B03964,60381.048286006000
B03965,60381.048368495001
B03966,60381.048483801002
B03967,60381.048599686001
B03969,60381.048776222000
B03971,60381.048871740000
B03972,60381.048964743997
B03973,60381.049087672000
B03974,60381.049217660999
B03975,60381.049224825998
B03976,60381.049555899997
B03977,60381.049671121000
B03979,60381.049762903000
B03980,60381.049792327001
B03982,60381.049887699002
B03983,60381.049900065002
B03984,60381.050084470000
B03985,60381.050173352000
B03986,60381.050189795998
B03987,60381.050192777002
B03988,60381.050241543999
B03989,60381.050321073002
B03990,60381.050376877000
B03991,60381.050392315003
B03992,60381.050619184003
B03993,60381.050635959000
B03996,60381.050680207001
B03999,60381.050723881999
B04001,60381.050738063001
B04002,60381.050876367997
B04003,60381.050944565002
B04004,60381.050972568999
B04005,60381.050986223003
B04006,60381.050994899000
B04008,60381.051022583000
B04009,60381.051081721998
B04013,60381.051099340999
B04014,60381.051141358002
B04015,60381.051246073999
B04016,60381.051302811000
B04017,60381.051390706001
B04018,60381.051448138001
B04019,60381.051469211001
B04020,60381.051488967998
B04021,60381.051505962998
B04024,60381.051611479998
B04025,60381.051616923003
B04026,60381.051679176002
B04027,60381.051721376003
B04028,60381.051802397997
B04029,60381.051895823002
B04030,60381.051907715002
B04031,60381.051979329000
B04032,60381.051981673001
B04033,60381.052100148001
B04034,60381.052174835000
B04035,60381.052212524999
B04036,60381.052368484001
B04037,60381.052383271002
B04038,60381.052393751997
B04039,60381.052407032999
B04040,60381.052412140001
B04041,60381.052514716997
B04042,60381.052637027999
B04043,60381.052779457001
B04045,60381.052791353002
B04046,60381.052847088002
B04048,60381.052957458000
B04049,60381.052962554997
B04050,60381.053136873998
B04052,60381.053160500000
B04053,60381.053334614000
B04054,60381.053397527001
B04055,60381.053422450001
B04056,60381.053456433998
B04057,60381.053457636001
B04058,60381.053511774000
B04059,60381.053514168001
B04060,60381.053575241000
B04061,60381.053578617997
B04065,60381.053719672003
B04068,60381.053728587998
B04069,60381.053866503004
B04070,60381.053902624997
B04071,60381.053923615997
B04072,60381.054124219998
B04073,60381.054274552997
B04074,60381.054324554003
B04075,60381.054342636002
B04076,60381.054483571002
B04077,60381.054536434000
B04078,60381.054644896998
B04079,60381.054696630999
B04081,60381.054785289998
B04082,60381.055021275002
B04083,60381.055043439999
B04084,60381.055076634002
B04085,60381.055093845003
B04086,60381.055179875002
B04087,60381.055304371002
B04088,60381.055331516000
B04089,60381.055452455999
B04090,60381.055472485998
B04091,60381.055511717997
B04092,60381.055521667004
B04093,60381.055529955003
B04094,60381.055536564003
B04095,60381.055578435997
B04096,60381.055602184999
B04097,60381.055698880999
B04098,60381.055763632001
B04099,60381.055823551003
B04100,60381.055959265002
B04101,60381.055986544001
B04102,60381.056092510997
B04103,60381.056154660997
B04105,60381.056205490000
B04108,60381.056265690997
B04110,60381.056294290996
B04111,60381.056339445000
B04112,60381.056342212003
B04113,60381.056378916997
B04114,60381.056452516001
B04115,60381.056475204998
B04116,60381.056563527003
B04117,60381.056607202001
B04118,60381.056733873003
B04119,60381.056782986001
B04120,60381.056835044001
B04121,60381.056869341999
B04122,60381.056882313998
B04123,60381.056894337999
B04124,60381.056900738004
B04126,60381.056910113002
B04127,60381.056964014002
B04128,60381.056966511998
B04129,60381.056968350997
B04131,60381.057017437000
B04132,60381.057116623000
B04134,60381.057132301998
B04136,60381.057157349001
B04137,60381.057277330001
B04138,60381.057308515003
B04140,60381.057498050002
B04141,60381.057567383999
B04142,60381.057636400001
B04143,60381.057718623000
B04146,60381.057738304000
B04147,60381.057782128002
B04148,60381.057783388998
B04149,60381.057798176000
B04151,60381.057840943999
B04152,60381.057845263000
B04153,60381.057869507997
B04154,60381.058139583998
B04156,60381.058177567997
B04158,60381.058279224999
B04160,60381.058313578003
B04161,60381.058356665002
B04162,60381.058394496002
B04163,60381.058502082000
B04165,60381.058659121998
B04166,60381.058739899003
B04167,60381.058774097000
B04168,60381.058784382003
B04169,60381.058794245000
B04170,60381.058870196997
B04171,60381.058888211999
B04172,60381.058890218999
B04173,60381.058907803999
B04175,60381.058951747000
B04176,60381.059072661999
B04177,60381.059228038997
B04178,60381.059256820998
B04179,60381.059469182997
B04180,60381.059590794997
B04181,60381.059592074002
B04182,60381.060222351000
B04183,60381.060287075001
B04184,60381.060296322998
B04185,60381.060523360000
B04186,60381.060534966004
B04187,60381.060659567003
B04188,60381.060718335000
B04189,60381.060726144002
B04190,60381.060758749001
B04191,60381.060913665999
B04192,60381.060976392000
B04193,60381.061026306001
B04194,60381.061090347001
B04195,60381.061153146002
B04196,60381.061170346002
B04198,60381.061230166997
B04199,60381.061286183001
B04200,60381.061437992998
B04201,60381.061482600002
B04203,60381.061516422000
B04204,60381.061591709004
B04205,60381.061598808999
B04206,60381.061677924998
B04207,60381.061963230997
B04208,60381.061995882003
B04209,60381.062151341001
B04210,60381.062295853000
B04211,60381.062303635998
B04212,60381.062308269000
B04213,60381.062481045999
B04214,60381.062691216001
B04215,60381.062784408001
B04221,60381.062789778996
B04222,60381.062799036001
B04223,60381.062967420003
B04224,60381.063139723003
B04225,60381.063201650002
B04226,60381.063279647999
B04227,60381.063339462002
B04228,60381.063349928998
B04229,60381.063501094999
B04230,60381.063538447997
B04231,60381.063586974000
B04232,60381.063665383997
B04233,60381.063735752003
B04234,60381.063743844003
B04235,60381.063764719998
B04236,60381.063767897002
B04237,60381.063842734002
B04238,60381.063843907999
B04239,60381.063911117002
B04240,60381.064166392003
B04241,60381.064206841998
B04242,60381.064208663003
B04243,60381.064226176997
B04244,60381.064306961998
B04246,60381.064456221997
B04248,60381.064463126997
B04249,60381.064493537997
B04250,60381.064522510998
B04252,60381.064551839998
B04253,60381.064561129999
B04254,60381.064592305003
B04255,60381.064606423002
B04256,60381.064646307001
B04258,60381.064709839004
B04259,60381.064984418001
B04260,60381.065047725999
B04261,60381.065217693998
B04262,60381.065415593999
B04263,60381.065533136003
B04264,60381.065570257000
B04265,60381.065588234000
B04267,60381.065660038999
B04268,60381.065703118002
B04269,60381.065754060000
B04270,60381.065765025000
B04272,60381.065780270997
B04273,60381.065904907999
B04276,60381.065949014999
B04277,60381.065997514997
B04278,60381.066100313998
B04280,60381.066110050000
B04282,60381.066293365999
B04283,60381.066298131002
B04284,60381.066305382003
B04285,60381.066388047002
B04286,60381.066462802002
B04287,60381.066532550998
B04288,60381.066548370000
B04289,60381.066681359996
B04290,60381.066684341000
B04291,60381.066700825999
B04292,60381.066820316002
B04293,60381.066823588000
B04294,60381.066846786001
B04296,60381.066848543000
B04298,60381.066949717999
B04300,60381.067021852003
B04301,60381.067035995999
B04302,60381.067109035997
B04303,60381.067113509002
B04304,60381.067165016997
B04305,60381.067175917000
B04307,60381.067220279001
B04308,60381.067222881997
B04309,60381.067236016999
B04310,60381.067292931002
B04311,60381.067322474002
B04312,60381.067335107000
B04315,60381.067533804002
B04316,60381.067584577999
B04317,60381.067600930997
B04318,60381.067887516998
B04319,60381.067981943001
B04320,60381.068043252999
B04321,60381.068079090001
B04322,60381.068166288002
B04323,60381.068295896002
B04325,60381.068313823002
B04326,60381.068323494997
B04327,60381.068350775000
B04328,60381.068367519001
B04329,60381.068374661001
B04330,60381.068387580999
B04331,60381.068389114997
B04333,60381.068473473999
B04335,60381.068566966998
B04336,60381.068910321002
B04337,60381.069214219999
B04338,60381.069272544002
B04340,60381.069311676998
B04341,60381.069331416002
B04342,60381.069394796999
B04344,60381.069434762001
B04345,60381.069436263999
B04346,60381.069493128001
B04348,60381.069495622003
B04350,60381.069497277997
B04351,60381.069516253003
B04352,60381.069548079999
B04353,60381.069590261002
B04354,60381.069623962998
B04356,60381.069654854000
B04358,60381.069688427997
B04359,60381.069697122002
B04360,60381.069714780002
B04361,60381.069817306998
B04362,60381.069821773002
B04363,60381.069999355001
B04364,60381.070021838001
B04365,60381.070112845002
B04366,60381.070125234997
B04367,60381.070178535003
B04368,60381.070280820000
B04369,60381.070385104998
B04370,60381.070386378997
B04371,60381.070499355003
B04372,60381.070601596002
B04373,60381.070696135001
B04374,60381.070797109998
B04376,60381.070834017002
B04377,60381.070861366003
B04378,60381.071122734000
B04379,60381.071267446001
B04380,60381.071293592999
B04381,60381.071422645997
B04382,60381.071426381997
B04384,60381.071471331001
B04386,60381.071485157001
B04387,60381.071486421999
B04388,60381.071496976998
B04389,60381.071556795003
B04392,60381.071723622998
B04393,60381.071766487003
B04394,60381.071790868002
B04395,60381.071826717998
B04398,60381.071908723003
B04400,60381.072028271999
B04401,60381.072161106997
B04402,60381.072239210996
B04403,60381.072358532998
B04404,60381.072367194000
B04405,60381.072373146999
B04406,60381.072379300997
B04407,60381.072435804999
B04409,60381.072586497998
B04410,60381.072719955002
B04411,60381.072734128997
B04413,60381.072792289000
B04414,60381.072797984001
B04415,60381.072803267001
B04416,60381.072882259999
B04417,60381.073053111002
B04418,60381.073061212002
B04419,60381.073181776002
B04420,60381.073351234001
B04421,60381.073390598998
B04422,60381.073395163003
B04423,60381.073488342001
B04424,60381.073635048997
B04425,60381.073651051003
B04426,60381.073657909998
B04427,60381.073773962999
B04428,60381.073933904998
B04429,60381.073967876000
B04431,60381.073970365003
B04432,60381.073999366003
B04433,60381.074004610004
B04435,60381.074057286001
B04436,60381.074081662999
B04437,60381.074091216004
B04438,60381.074101962004
B04439,60381.074251931001
B04440,60381.074349647999
B04441,60381.074408236003
B04442,60381.074843098999
B04443,60381.074853685997
B04444,60381.074857799002
B04445,60381.074859460998
B04446,60381.074881521003
B04448,60381.074949772003
B04449,60381.074966526001
B04450,60381.075014296002
B04451,60381.075020327000
B04452,60381.075076374997
B04453,60381.075189739997
B04454,60381.075192661003
B04456,60381.075346154001
B04457,60381.075382595998
B04458,60381.075392175997
B04459,60381.075400455004
B04460,60381.075417567998
B04461,60381.075459699998
B04462,60381.075502015003
B04463,60381.075513155003
B04464,60381.075543489002
B04465,60381.075553246999
B04467,60381.075578233998
B04468,60381.075590344000
B04469,60381.075739339998
B04470,60381.075746485003
B04471,60381.075874223003
B04472,60381.075937590002
B04474,60381.075991586004
B04475,60381.076022526999
B04477,60381.076059906001
B04478,60381.076077614998
B04479,60381.076147446001
B04480,60381.076182826997
B04481,60381.076345709997
B04482,60381.076636910999
B04483,60381.076749972999
B04485,60381.076756590999
B04486,60381.076765844002
B04487,60381.076861895002
B04488,60381.076868297998
B04489,60381.076971734998
B04491,60381.077027029001
B04492,60381.077118715002
B04493,60381.077165292998
B04494,60381.077249331996
B04497,60381.077306669999
B04498,60381.077369781997
B04499,60381.077402116003
B04500,60381.077487716000
B04502,60381.077578008997
B04503,60381.077609294996
B04504,60381.077622561999
B04505,60381.077640648000
B04506,60381.077719309003
B04507,60381.077738095999
B04508,60381.077796676000
B04509,60381.077893806003
B04510,60381.077904464000
B04512,60381.077977704001
B04514,60381.078076894999
B04515,60381.078156565003
B04516,60381.078169649998
B04518,60381.078365146997
B04519,60381.078446364001
B04520,60381.078576672997
B04521,60381.078652761003
B04522,60381.078662883003
B04524,60381.078690390998
B04525,60381.078697049998
B04527,60381.078706913002
B04529,60381.078720124999
B04531,60381.078756964002
B04533,60381.078834639004
B04536,60381.078890712000
B04537,60381.078936361999
B04538,60381.078957942002
B04539,60381.078967519999
B04540,60381.078968957998
B04542,60381.079004808998
B04543,60381.079076460002
B04544,60381.079309863999
B04545,60381.079372663000
B04546,60381.079375808004
B04548,60381.079439984998
B04549,60381.079542467000
B04550,60381.079565537002
B04551,60381.079684812998
B04552,60381.079696915003
B04553,60381.079816085999
B04554,60381.079826490000
B04555,60381.079944327998
B04556,60381.080181864003
B04558,60381.080192173002
B04559,60381.080463325998
B04560,60381.080539155002
B04561,60381.080588705001
B04563,60381.080624996997
B04564,60381.080664052002
B04565,60381.080699388003
B04566,60381.080868259000
B04567,60381.080960100000
B04569,60381.081089933999
B04570,60381.081171676000
B04572,60381.081183241004
B04574,60381.081187041003
B04575,60381.081200100998
B04577,60381.081203857997
B04578,60381.081205328002
B04579,60381.081278012003
B04580,60381.081319871002
B04581,60381.081357411000
B04582,60381.081388740000
B04583,60381.081419576003
B04584,60381.082005368000
B04585,60381.082078794003
B04586,60381.082092367003
B04587,60381.082263427001
B04588,60381.082285832999
B04589,60381.082289136997
B04590,60381.082370071003
B04591,60381.082371857003
B04592,60381.082417587997
B04594,60381.082467802997
B04595,60381.082469296998
B04596,60381.082624094997
B04597,60381.082757288001
B04598,60381.082844181998
B04599,60381.083064191000
B04600,60381.083133220003
B04601,60381.083303230997
B04602,60381.083368245003
B04603,60381.083400593001
B04604,60381.083438171998
B04605,60381.083482695998
B04606,60381.083653201000
B04607,60381.083767404998
B04610,60381.083842303000
B04615,60381.083896548000
B04616,60381.083964120997
B04617,60381.084033216001
B04618,60381.084104695001
B04619,60381.084201365004
B04620,60381.084207344997
B04621,60381.084241789002
B04623,60381.084287156002
B04625,60381.084295066001
B04626,60381.084369319004
B04627,60381.084421346997
B04628,60381.084556930000
B04629,60381.084594487002
B04630,60381.084627042997
B04631,60381.084628472003
B04632,60381.084666237999
B04633,60381.084748125002
B04634,60381.085110230000
B04635,60381.085141370997
B04636,60381.085392952999
B04637,60381.085445634002
B04638,60381.085448833001
B04639,60381.085524766997
B04640,60381.085539159001
B04642,60381.085662616999
B04643,60381.085667195999
B04644,60381.085668710999
B04645,60381.085796501997
B04646,60381.085947259002
B04647,60381.086024746000
B04648,60381.086126504000
B04649,60381.086225084997
B04652,60381.086240322002
B04656,60381.086255422997
B04658,60381.086415856000
B04659,60381.086592320004
B04660,60381.086594204004
B04663,60381.086631826998
B04664,60381.086635027998
B04667,60381.086676699997
B04668,60381.086705463997
B04669,60381.086763050997
B04670,60381.086874690998
B04671,60381.086963768998
B04672,60381.087003250999
B04673,60381.087082320002
B04674,60381.087134096997
B04675,60381.087160194002
B04676,60381.087316552999
B04677,60381.087427036000
B04678,60381.087669856002
B04679,60381.087716907998
B04680,60381.087764450996
B04681,60381.087766757999
B04682,60381.087786133001
B04683,60381.087970157998
B04684,60381.088028357997
B04685,60381.088107918004
B04686,60381.088260823999
B04687,60381.088301053001
B04688,60381.088350170998
B04690,60381.088367898003
B04691,60381.088371872000
B04692,60381.088514649004
B04694,60381.088543354999
B04695,60381.088576501999
B04696,60381.088619216003
B04697,60381.088778111000
B04698,60381.088841115001
B04699,60381.088854326998
B04700,60381.088861682001
B04701,60381.088902269999
B04702,60381.088965738003
B04703,60381.089082391998
B04704,60381.089147311999
B04705,60381.089289276002
B04706,60381.089301467997
B04707,60381.089600141000
B04708,60381.089730918000
B04710,60381.089751519998
B04711,60381.089823321003
B04712,60381.089897086997
B04713,60381.089976586001
B04715,60381.089979379998
B04717,60381.090021046999
B04718,60381.090110306999
B04719,60381.090210303002
B04720,60381.090260727004
B04721,60381.090292622997
B04722,60381.090482289001
B04724,60381.090487627000
B04725,60381.090518192999
B04726,60381.090552583002
B04727,60381.090800614998
B04728,60381.090960253001
B04729,60381.091028157003
B04730,60381.091060281004
B04731,60381.091077880003
B04732,60381.091081074999
B04733,60381.091170221996
B04734,60381.091174681998
B04735,60381.091525021999
B04736,60381.091547131997
B04737,60381.091644788998
B04738,60381.091646310000
B04739,60381.091751393004
B04740,60381.091794959000
B04741,60381.091853534999
B04743,60381.092138851003
B04744,60381.092160724002
B04747,60381.092196147998
B04750,60381.092263596998
B04751,60381.092344696997
B04752,60381.092455334001
B04753,60381.092520860002
B04754,60381.092753434998
B04755,60381.092820498001
B04756,60381.092856353003
B04757,60381.092895545000
B04758,60381.092973990999
B04761,60381.092975569998
B04762,60381.092999842003
B04763,60381.093054120996
B04764,60381.093139572004
B04765,60381.093178256997
B04766,60381.093219128001
B04769,60381.093329739000
B04771,60381.093338218001
B04772,60381.093353450000
B04774,60381.093586354000
B04775,60381.093691248003
B04776,60381.093721586003
B04777,60381.093727193998
B04778,60381.093763662997
B04779,60381.093801953997
B04780,60381.093822754003
B04782,60381.093894140002
B04783,60381.093987777997
B04784,60381.094008118002
B04785,60381.094074193999
B04786,60381.094155352002
B04787,60381.094177990999
B04788,60381.094219712999
B04789,60381.094230777002
B04790,60381.094316882998
B04791,60381.094346475002
B04792,60381.094433067999
B04793,60381.094434277999
B04796,60381.094456097999
B04797,60381.094466224997
B04798,60381.094469714997
B04799,60381.094504387002
B04800,60381.094553080999
B04801,60381.094607109000
B04803,60381.094690516999
B04804,60381.094961797004
B04805,60381.095067096001
B04806,60381.095088390997
B04810,60381.095113773998
B04811,60381.095120609003
B04812,60381.095122908002
B04813,60381.095162550002
B04815,60381.095435099996
B04816,60381.095570855003
B04818,60381.095667102003
B04819,60381.095841503004
B04820,60381.095876516003
B04821,60381.096033900001
B04824,60381.096058891002
B04826,60381.096090108003
B04828,60381.096270159003
B04829,60381.096290629001
B04830,60381.096295094001
B04831,60381.096337160998
B04832,60381.096358479997
B04833,60381.096367546997
B04834,60381.096420442002
B04835,60381.096458904001
B04837,60381.096460843000
B04838,60381.096500453001
B04839,60381.096538300997
B04840,60381.096548629001
B04843,60381.096565569002
B04848,60381.096567615998
B04849,60381.096577042001
B04850,60381.096580607002
B04851,60381.096586931999
B04852,60381.096668605001
B04853,60381.096727249002
B04854,60381.096866663996
B04855,60381.096997567998
B04857,60381.097061815002
B04858,60381.097072568999
B04861,60381.097084711997
B04862,60381.097121758998
B04863,60381.097776641000
B04864,60381.097886987001
B04865,60381.097967913003
B04867,60381.098062270998
B04868,60381.098082629003
B04870,60381.098088573002
B04872,60381.098119526003
B04873,60381.098160590998
B04874,60381.098190930999
B04875,60381.098224324996
B04877,60381.098263460997
B04879,60381.098312706003
B04884,60381.098442959003
B04887,60381.098458715998
B04888,60381.098509203002
B04890,60381.098737442000
B04891,60381.098797856001
B04892,60381.098962504002
B04893,60381.098972639003
B04894,60381.099013715000
B04895,60381.099063406000
B04896,60381.099065094997
B04897,60381.099106920003
B04898,60381.099402095002
B04900,60381.099415308003
B04901,60381.099428900998
B04902,60381.099755484996
B04903,60381.099767772997
B04905,60381.099839538001
B04906,60381.099957507999
B04907,60381.100022004000
B04908,60381.100049758003
B04909,60381.100083805999
B04910,60381.100217840998
B04911,60381.100265606998
B04912,60381.100332315997
B04913,60381.100414752997
B04914,60381.100452516002
B04915,60381.100500150002
B04916,60381.100503312999
B04917,60381.100509775002
B04918,60381.100592258001
B04919,60381.100705527002
B04920,60381.100750070000
B04921,60381.100841065003
B04922,60381.100875235999
B04923,60381.101006131001
B04924,60381.101034503001
B04928,60381.101054976003
B04929,60381.101075414997
B04930,60381.101325672003
B04931,60381.101336460000
B04932,60381.101444902997
B04933,60381.101455803000
B04934,60381.101586757999
B04935,60381.101704125998
B04936,60381.101886106000
B04937,60381.102003519998
B04938,60381.102054326002
B04939,60381.102061316997
B04940,60381.102089530003
B04942,60381.102142169999
B04943,60381.102213744001
B04944,60381.102424719997
B04945,60381.102679923999
B04946,60381.102753359002
B04947,60381.102856915000
B04948,60381.102871092997
B04949,60381.102948050000
B04950,60381.103022682000
B04951,60381.103048737998
B04952,60381.103125864996
B04953,60381.103243561003
B04955,60381.103341282003
B04956,60381.103366545998
B04957,60381.103412302997
B04958,60381.103571186002
B04959,60381.103734409000
B04960,60381.103765127002
B04961,60381.104053727999
B04962,60381.104132088003
B04963,60381.104150760999
B04964,60381.104164103002
B04965,60381.104206406002
B04966,60381.104216182001
B04967,60381.104217501997
B04968,60381.104263255998
B04969,60381.104285521003
B04970,60381.104447760998
B04971,60381.104468046004
B04972,60381.104485436997
B04973,60381.104552035998
B04974,60381.104583193999
B04975,60381.104718695002
B04977,60381.104741328003
B04978,60381.104745037002
B04979,60381.104803331000
B04980,60381.104837906998
B04981,60381.104939833000
B04982,60381.105061007001
B04983,60381.105101089997
B04984,60381.105178922000
B04985,60381.105290870000
B04987,60381.105315772002
B04988,60381.105393466001
B04989,60381.105510506000
B04990,60381.105540625998
B04992,60381.105553775997
B04993,60381.105576041002
B04994,60381.105623638003
B04995,60381.105628153004
B04996,60381.105649439000
B04997,60381.105909559003
B04998,60381.105956423999
B05005,60381.105994987003
B05006,60381.106043246000
B05007,60381.106194006003
B05009,60381.106315915000
B05010,60381.106323298998
B05011,60381.106326226000
B05012,60381.106398727999
B05013,60381.106402046003
B05015,60381.106482474999
B05017,60381.106510398997
B05019,60381.106620863000
B05020,60381.106673699003
B05021,60381.106691490000
B05022,60381.106888160997
B05023,60381.106944792002
B05025,60381.106950358000
B05026,60381.106958336997
B05027,60381.106980220000
B05030,60381.106982673002
B05031,60381.107040319999
B05032,60381.107089491998
B05033,60381.107176785001
B05034,60381.107281028999
B05035,60381.107340335999
B05036,60381.107360044000
B05037,60381.107390605001
B05039,60381.107435926999
B05040,60381.107449531002
B05042,60381.107557795003
B05043,60381.107571897999
B05044,60381.107601950003
B05045,60381.107643944000
B05046,60381.107664114999
B05047,60381.107735361002
B05048,60381.107745357003
B05049,60381.107797181998
B05050,60381.107866083003
B05051,60381.107869261003
B05052,60381.108022180000
B05054,60381.108419165997
B05056,60381.108544577000
B05057,60381.108545761002
B05059,60381.108549693003
B05060,60381.108588807001
B05061,60381.108698734002
B05062,60381.108717595002
B05063,60381.108798221001
B05064,60381.108991273002
B05066,60381.109267500004
B05068,60381.109281628000
B05069,60381.109297969000
B05070,60381.109424861002
B05072,60381.109542890001
B05073,60381.109693432998
B05074,60381.109805868997
B05075,60381.109943504001
B05076,60381.109990691999
B05078,60381.110033605997
B05079,60381.110053595999
B05080,60381.110157392002
B05081,60381.110184644996
B05082,60381.110193050998
B05084,60381.110243884003
B05085,60381.110264853000
B05086,60381.110357931000
B05087,60381.110443951002
B05088,60381.110502399002
B05089,60381.110514309003
B05090,60381.110615662001
B05091,60381.110710743000
B05092,60381.110728125001
B05093,60381.110740575998
B05094,60381.110788942999
B05096,60381.110818663998
B05097,60381.110858801003
B05098,60381.110975518997
B05099,60381.111067997001
B05100,60381.111316925999
B05101,60381.111321240001
B05102,60381.111349234998
B05103,60381.111403335999
B05104,60381.111501102998
B05105,60381.111505831002
B05107,60381.111525528999
B05108,60381.112056434002
B05109,60381.112081876003
B05110,60381.112085599001
B05115,60381.112177547999
B05118,60381.112281540998
B05121,60381.112318437998
B05122,60381.112352103999
B05123,60381.112404193998
B05124,60381.112408121000
B05125,60381.112534665997
B05126,60381.112681327002
B05127,60381.112701339000
B05128,60381.112757796996
B05129,60381.112782033000
B05130,60381.112863650997
B05131,60381.112890826997
B05132,60381.112934283003
B05133,60381.112999293997
B05134,60381.113149026998
B05135,60381.113224528002
B05136,60381.113258689998
B05137,60381.113272921997
B05138,60381.113361704003
B05139,60381.113364279998
B05141,60381.113454591003
B05142,60381.113633884997
B05143,60381.113667561003
B05144,60381.113759704996
B05145,60381.113788337003
B05146,60381.113822079998
B05147,60381.113823569998
B05148,60381.113842972001
B05149,60381.113856753000
B05150,60381.113906530001
B05153,60381.113991380997
B05155,60381.114055812999
B05156,60381.114112923002
B05157,60381.114134705000
B05158,60381.114217898001
B05160,60381.114250608000
B05161,60381.114410413997
B05164,60381.114412488998
B05166,60381.114518483999
B05167,60381.114519830997
B05168,60381.114610324999
B05169,60381.114638510997
B05170,60381.114653247001
B05171,60381.114721192003
B05172,60381.114739917997
B05173,60381.114814517998
B05175,60381.114904839000
B05176,60381.114964496999
B05177,60381.115018024997
B05178,60381.115055077003
B05180,60381.115130256003
B05181,60381.115146397002
B05182,60381.115319224999
B05183,60381.115321641002
B05186,60381.115415148000
B05188,60381.115434970998
B05189,60381.115452769001
B05190,60381.115506064998
B05191,60381.115525959998
B05192,60381.115527880997
B05193,60381.115612590002
B05195,60381.115689778002
B05196,60381.115836684003
B05197,60381.115865466003
B05199,60381.115868415996
B05200,60381.115920652002
B05201,60381.115922550001
B05202,60381.115998551999
B05203,60381.116091643002
B05204,60381.116113224998
B05207,60381.116122027997
B05209,60381.116124430999
B05210,60381.116340052999
B05211,60381.116359487001
B05213,60381.116372131000
B05214,60381.116519889001
B05215,60381.116528108003
B05216,60381.116584440002
B05217,60381.116646515002
B05218,60381.116681517997
B05219,60381.116726535001
B05220,60381.116868431003
B05221,60381.116922373003
B05222,60381.117027890003
B05224,60381.117256767997
B05225,60381.117314181000
B05226,60381.117447457997
B05228,60381.117580471997
B05229,60381.117584359003
B05230,60381.117631255001
B05233,60381.117669954001
B05234,60381.117772031001
B05235,60381.117901183003
B05236,60381.118019362002
B05239,60381.118023727002
B05244,60381.118043948001
B05247,60381.118292535997
B05250,60381.118461958002
B05251,60381.118498522002
B05253,60381.118537841001
B05254,60381.118625959003
B05255,60381.118663096997
B05257,60381.118776066003
B05258,60381.118832442997
B05259,60381.118851485000
B05260,60381.118895922998
B05261,60381.118942633002
B05262,60381.119125819001
B05264,60381.119141602001
B05265,60381.119235291000
B05266,60381.119278742000
B05267,60381.119475608000
B05268,60381.119600241000
B05270,60381.119628154003
B05272,60381.119801408000
B05274,60381.119823355002
B05276,60381.119903430001
B05277,60381.119913269002
B05278,60381.119945576997
B05280,60381.120063750001
B05282,60381.120103751004
B05283,60381.120106226001
B05284,60381.120271970998
B05285,60381.120338293003
B05286,60381.120431989999
B05287,60381.120463813000
B05290,60381.120539582997
B05291,60381.120541253003
B05294,60381.120548854000
B05295,60381.120582169002
B05297,60381.120615216001
B05298,60381.120855296002
B05299,60381.121122194003
B05301,60381.121164356999
B05302,60381.121222504000
B05303,60381.121261458997
B05304,60381.121276049998
B05305,60381.121350768997
B05306,60381.121378636999
B05307,60381.121391248002
B05309,60381.121476170003
B05310,60381.121513154998
B05311,60381.121571338001
B05315,60381.121588433001
B05316,60381.121698987998
B05317,60381.121726605998
B05318,60381.121865328998
B05319,60381.121893310003
B05320,60381.121925337997
B05321,60381.121966436003
B05322,60381.122019294999
B05323,60381.122034528002
B05325,60381.122085365998
B05326,60381.122190387003
B05327,60381.122201010003
B05328,60381.122262320001
B05330,60381.122371306003
B05335,60381.122395468003
B05336,60381.122419667001
B05340,60381.122443548004
B05342,60381.122543104000
B05343,60381.122556925999
B05344,60381.122560420998
B05345,60381.122636827997
B05346,60381.122665456001
B05347,60381.122671482000
B05350,60381.122688748997
B05352,60381.122711609998
B05354,60381.122728146001
B05355,60381.122831369001
B05356,60381.122934346000
B05359,60381.123111419001
B05360,60381.123124530997
B05362,60381.123180684997
B05363,60381.123235437000
B05366,60381.123250634002
B05367,60381.123377987999
B05368,60381.123400803997
B05369,60381.123472710002
B05370,60381.123509980003
B05371,60381.123557587001
B05372,60381.123620145998
B05374,60381.123700702003
B05376,60381.123750803003
B05377,60381.123802515001
B05380,60381.123824556998
B05382,60381.123851917000
B05383,60381.123979099997
B05384,60381.123988972999
B05385,60381.123990770000
B05386,60381.123996449998
B05387,60381.124018324001
B05388,60381.124101562003
B05389,60381.124131518001
B05390,60381.124195231998
B05391,60381.124197270998
B05392,60381.124369274003
B05393,60381.124383602000
B05394,60381.124446209004
B05395,60381.124569785999
B05397,60381.124582324999
B05400,60381.124688657001
B05403,60381.124958512002
B05407,60381.125081942999
B05408,60381.125270794000
B05409,60381.125272509998
B05412,60381.125342667998
B05413,60381.125351215996
B05414,60381.125403514998
B05415,60381.125411729998
B05418,60381.125528780001
B05420,60381.125544388000
B05422,60381.125549092001
B05423,60381.125866417002
B05424,60381.125900794003
B05425,60381.125921095998
B05426,60381.125938849000
B05427,60381.125984548002
B05430,60381.126003361998
B05431,60381.126033359003
B05432,60381.126056811998
B05433,60381.126074086002
B05434,60381.126093518003
B05435,60381.126114758998
B05437,60381.126180630003
B05438,60381.126186018999
B05439,60381.126215925004
B05440,60381.126540833000
B05441,60381.126577092997
B05442,60381.126726221002
B05443,60381.126743603003
B05444,60381.126758348000
B05445,60381.126772953998
B05446,60381.126939813003
B05447,60381.127046686997
B05448,60381.127074659002
B05449,60381.127158930001
B05450,60381.127370866001
B05451,60381.127384045998
B05452,60381.127423179001
B05455,60381.127451865003
B05458,60381.127631108997
B05459,60381.127859278997
B05461,60381.127927025998
B05462,60381.127954336996
B05464,60381.127962489001
B05465,60381.128082779003
B05466,60381.128097462002
B05467,60381.128234092001
B05468,60381.128298183998
B05469,60381.128363199001
B05470,60381.128443943002
B05471,60381.128445540002
B05472,60381.128454555997
B05473,60381.128559213001
B05474,60381.128564430001
B05475,60381.128582931000
B05476,60381.128584983002
B05477,60381.128646739002
B05478,60381.128742572000
B05479,60381.128755889004
B05480,60381.128757227001
B05481,60381.128849102999
B05483,60381.129059528997
B05485,60381.129080250998
B05486,60381.129239955000
B05487,60381.129393028998
B05488,60381.129424742001
B05489,60381.129430171997
B05490,60381.129456916002
B05491,60381.129464794001
B05492,60381.129491886997
B05493,60381.129512405001
B05494,60381.129687334003
B05496,60381.129739677999
B05497,60381.129741507997
B05498,60381.129790252002
B05499,60381.129800916002
B05500,60381.129859754998
B05501,60381.129991733003
B05502,60381.130000281002
B05504,60381.130059383999
B05505,60381.130064571997
B05506,60381.130065860001
B05507,60381.130206021997
B05508,60381.130226688998
B05509,60381.130249248999
B05510,60381.130308558000
B05511,60381.130529636997
B05512,60381.130535516997
B05513,60381.130564092004
B05514,60381.130639820003
B05515,60381.130706655000
B05516,60381.130798910002
B05517,60381.130838687997
B05519,60381.130866810003
B05520,60381.130874486997
B05521,60381.130946395002
B05522,60381.130963092997
B05525,60381.130974017004
B05526,60381.130975353000
B05527,60381.130995489999
B05529,60381.131000950998
B05530,60381.131012528997
B05531,60381.131136675001
B05532,60381.131290609999
B05533,60381.131419833997
B05534,60381.131428253997
B05535,60381.131478759999
B05536,60381.131495280999
B05537,60381.131546204997
B05539,60381.131620337001
B05540,60381.131640799998
B05541,60381.131668481001
B05542,60381.131719855999
B05543,60381.131855697997
B05544,60381.131867695003
B05545,60381.131938099003
B05546,60381.131941947002
B05547,60381.132025706997
B05548,60381.132041263998
B05549,60381.132132908002
B05550,60381.132167680000
B05551,60381.132200382002
B05552,60381.132217814004
B05553,60381.132306216001
B05555,60381.132314358998
B05556,60381.132317144999
B05558,60381.132376073998
B05559,60381.132443923998
B05560,60381.132472206999
B05561,60381.132484987997
B05564,60381.132649548003
B05565,60381.132752079000
B05566,60381.132754678001
B05567,60381.132948181003
B05569,60381.132997758003
B05570,60381.133149772002
B05571,60381.133198834999
B05572,60381.133221108998
B05577,60381.133223279998
B05578,60381.133264682998
B05579,60381.133424182997
B05580,60381.133456247997
B05581,60381.133634960999
B05583,60381.133773822003
B05584,60381.133802568998
B05587,60381.133831460000
B05588,60381.133834633001
B05589,60381.133960763000
B05590,60381.133962000000
B05591,60381.134084279998
B05592,60381.134087502003
B05594,60381.134123497999
B05595,60381.134130480001
B05596,60381.134196382998
B05597,60381.134467593998
B05598,60381.134495730003
B05599,60381.134596205004
B05600,60381.134599297002
B05601,60381.134618233002
B05602,60381.134619862998
B05603,60381.134735387997
B05605,60381.134839011997
B05607,60381.134882354003
B05608,60381.134916739000
B05609,60381.134926744999
B05610,60381.134956417001
B05611,60381.134965518999
B05612,60381.135145665001
B05613,60381.135242525001
B05614,60381.135302374998
B05618,60381.135430852999
B05619,60381.135454934003
B05620,60381.135535296002
B05622,60381.135564504002
B05623,60381.135566304001
B05624,60381.135582221003
B05625,60381.135615407999
B05626,60381.136134528002
B05627,60381.136147363999
B05629,60381.136221708999
B05630,60381.136246791000
B05631,60381.136318465004
B05632,60381.136366521998
B05633,60381.136612346003
B05635,60381.136636267001
B05637,60381.136677192997
B05638,60381.136740834001
B05640,60381.136807337003
B05641,60381.136808684001
B05642,60381.137024853000
B05643,60381.137084952003
B05644,60381.137133231998
B05645,60381.137203282000
B05646,60381.137239146003
B05647,60381.137343192997
B05649,60381.137355917999
B05651,60381.137548687999
B05652,60381.137597228000
B05653,60381.137611874998
B05655,60381.137654755999
B05656,60381.137712331001
B05657,60381.137880285998
B05659,60381.137895815998
B05660,60381.137920547000
B05661,60381.137952142002
B05662,60381.138030169997
B05663,60381.138079650998
B05664,60381.138231969999
B05666,60381.138436341003
B05667,60381.138537293999
B05670,60381.138599368001
B05671,60381.138600951002
B05672,60381.138605558997
B05673,60381.138609166999
B05674,60381.138653123002
B05675,60381.138671952001
B05676,60381.138998007002
B05677,60381.139194736999
B05678,60381.139244309001
B05680,60381.139247794999
B05681,60381.139271863001
B05682,60381.139321080002
B05683,60381.139329040998
B05684,60381.139467977999
B05685,60381.139550685002
B05686,60381.139788453002
B05687,60381.139981059998
B05688,60381.139991053999
B05690,60381.139999906998
B05691,60381.140065918000
B05692,60381.140100718003
B05693,60381.140102701997
B05695,60381.140483618001
B05696,60381.140507939999
B05697,60381.140717533002
B05698,60381.140931611000
B05699,60381.140933504001
B05701,60381.140935884003
B05702,60381.140937491000
B05703,60381.141119874999
B05704,60381.141139031002
B05705,60381.141231686001
B05706,60381.141405918999
B05708,60381.141442498003
B05709,60381.141461017003
B05710,60381.141468759000
B05711,60381.141491205999
B05712,60381.141524963001
B05713,60381.141573667002
B05714,60381.141627129997
B05715,60381.141771465998
B05716,60381.141808681001
B05717,60381.141935371001
B05719,60381.141963456997
B05720,60381.141973552003
B05721,60381.142082314997
B05722,60381.142150637999
B05723,60381.142183142998
B05724,60381.142187411999
B05725,60381.142362309998
B05726,60381.142405127997
B05727,60381.142414039001
B05728,60381.142739317002
B05729,60381.142749701998
B05730,60381.142923384999
B05731,60381.142926097004
B05732,60381.142927430003
B05733,60381.142944493004
B05734,60381.143087340002
B05735,60381.143151522003
B05736,60381.143162098997
B05737,60381.143320529998
B05738,60381.143408980002
B05739,60381.143503747000
B05742,60381.143623174001
B05743,60381.143762920998
B05744,60381.143848790001
B05745,60381.143911134001
B05746,60381.143987905001
B05747,60381.144146885999
B05750,60381.144237330001
B05751,60381.144278737003
B05752,60381.144281162000
B05754,60381.144315810001
B05755,60381.144396333002
B05756,60381.144450970998
B05757,60381.144741203003
B05758,60381.144791895000
B05759,60381.144808156998
B05761,60381.144967761997
B05762,60381.144972089998
B05764,60381.145020730000
B05766,60381.145052093001
B05767,60381.145098105997
B05768,60381.145112352002
B05769,60381.145116475003
B05771,60381.145157952000
B05772,60381.145161250999
B05774,60381.145270481997
B05775,60381.145380574002
B05776,60381.145492616997
B05779,60381.145497236001
B05780,60381.145529027002
B05781,60381.145539705001
B05782,60381.145634152999
B05783,60381.145680567999
B05784,60381.145683467003
B05785,60381.145740858003
B05786,60381.145765335001
B05788,60381.145781523999
B05789,60381.145827464003
B05791,60381.145894082001
B05792,60381.145980752997
B05793,60381.146066907997
B05794,60381.146183067001
B05796,60381.146214834000
B05798,60381.146262372997
B05799,60381.146279772998
B05800,60381.146331183998
B05801,60381.146400471996
B05802,60381.146407312997
B05803,60381.146431672001
B05804,60381.146479796997
B05805,60381.146546201002
B05806,60381.146620763000
B05807,60381.146692224000
B05808,60381.146736253999
B05809,60381.146757426002
B05812,60381.146822044997
B05813,60381.146986332998
B05814,60381.147039679003
B05815,60381.147192210999
B05816,60381.147226519002
B05817,60381.147336510003
B05818,60381.147469057003
B05819,60381.147529549002
B05820,60381.147592360998
B05821,60381.147594016998
B05822,60381.147621894001
B05825,60381.147631410000
B05826,60381.147681620998
B05827,60381.147776311002
B05828,60381.147994507999
B05829,60381.148047351002
B05830,60381.148063770001
B05831,60381.148067629001
B05832,60381.148069194998
B05833,60381.148150218003
B05834,60381.148181176002
B05837,60381.148216146998
B05838,60381.148260640999
B05839,60381.148431032001
B05840,60381.148565572999
B05841,60381.148623410998
B05843,60381.148765115002
B05845,60381.148854330000
B05846,60381.148899088003
B05848,60381.148911675999
B05849,60381.148961058003
B05850,60381.148985430002
B05851,60381.149344676996
B05852,60381.149390289997
B05854,60381.149532556999
B05855,60381.149589900997
B05858,60381.149617691000
B05859,60381.149755609003
B05860,60381.149875891002
B05861,60381.149969783997
B05862,60381.150058715997
B05863,60381.150060391003
B05864,60381.150220914998
B05865,60381.150351128003
B05866,60381.150389731003
B05867,60381.150391178002
B05868,60381.150411012997
B05870,60381.150429351001
B05871,60381.150441115002
B05872,60381.150450635003
B05874,60381.150478085998
B05877,60381.150608652999
B05878,60381.150676554003
B05879,60381.150794401001
B05882,60381.150828985999
B05883,60381.150833569001
B05884,60381.150965387998
B05885,60381.151003674000
B05886,60381.151197218001
B05888,60381.151211281001
B05889,60381.151251164003
B05890,60381.151298056000
B05891,60381.151399577000
B05894,60381.151579038997
B05895,60381.151585510997
B05896,60381.151614579998
B05897,60381.151654991001
B05898,60381.151778263004
B05899,60381.151854401003
B05900,60381.151956226997
B05901,60381.151960887997
B05902,60381.151986293000
B05903,60381.151996155997
B05904,60381.152085898000
B05905,60381.152146872002
B05907,60381.152181935002
B05908,60381.152314211999
B05909,60381.152337594001
B05910,60381.153182700997
B05915,60381.153539345003
B05916,60381.153552625001
B05918,60381.153583314997
B05919,60381.153653900998
B05920,60381.153668781997
B05921,60381.153719595000
B05923,60381.153819837004
B05924,60381.153828962000
B05925,60381.153859090999
B05926,60381.154098061998
B05927,60381.154116316997
B05928,60381.154121419000
B05930,60381.154166294997
B05931,60381.154201047997
B05932,60381.154256688002
B05933,60381.154268044003
B05934,60381.154270551000
B05936,60381.154278000999
B05937,60381.154335788000
B05938,60381.154393664001
B05939,60381.154418664002
B05940,60381.154572621002
B05941,60381.154696534002
B05942,60381.154727565001
B05943,60381.154800090000
B05945,60381.154904727999
B05946,60381.154932432000
B05947,60381.155014187003
B05948,60381.155064364997
B05949,60381.155110419000
B05952,60381.155119331001
B05954,60381.155149924998
B05955,60381.155183358002
B05957,60381.155238715997
B05959,60381.155276350000
B05960,60381.155305200999
B05961,60381.155328667999
B05962,60381.155352943999
B05964,60381.155444415999
B05966,60381.155467939003
B05967,60381.155587613997
B05969,60381.155804139999
B05970,60381.155839501000
B05971,60381.155914283001
B05972,60381.156062850998
B05973,60381.156067436001
B05975,60381.156078111002
B05976,60381.156129413001
B05977,60381.156394461999
B05978,60381.156403956003
B05979,60381.156502537000
B05980,60381.156547245002
B05981,60381.156635225998
B05982,60381.156652152000
B05983,60381.156728845999
B05984,60381.156769743997
B05985,60381.156814670001
B05986,60381.156902581999
B05990,60381.156947244002
B05991,60381.156990445001
B05992,60381.157009775001
B05994,60381.157016199999
B05995,60381.157220672001
B05996,60381.157268716001
B05997,60381.157321305996
B05998,60381.157324860003
B05999,60381.157503825998
B06000,60381.157513430000
B06001,60381.157537587998
B06003,60381.157700729003
B06004,60381.157726812002
B06006,60381.157832871002
B06007,60381.157878605998
B06008,60381.157944277998
B06012,60381.158138790997
B06015,60381.158145481000
B06017,60381.158248414002
B06018,60381.158322190000
B06019,60381.158370602003
B06020,60381.158548526000
B06021,60381.158591225998
B06022,60381.158720378997
B06023,60381.158912765997
B06024,60381.158943836999
B06025,60381.158980535001
B06026,60381.159127576997
B06027,60381.159191610001
B06028,60381.159280965003
B06029,60381.159588228002
B06030,60381.159618584999
B06031,60381.159642543003
B06032,60381.159772309002
B06033,60381.160041550000
B06034,60381.160064721000
B06036,60381.160092356004
B06037,60381.160354350999
B06038,60381.160359016998
B06040,60381.160384426999
B06042,60381.160403813999
B06043,60381.160411156001
B06044,60381.160421465000
B06045,60381.160505658998
B06046,60381.160511995004
B06047,60381.160583470002
B06048,60381.160592442997
B06049,60381.160616697001
B06050,60381.160697619001
B06051,60381.160727442999
B06052,60381.160830280001
B06053,60381.160834057999
B06054,60381.160952532002
B06055,60381.161005959999
B06056,60381.161234034997
B06057,60381.161237403001
B06059,60381.161306978996
B06060,60381.161429840002
B06062,60381.161506406002
B06065,60381.161570320000
B06067,60381.161581751003
B06069,60381.161594447003
B06070,60381.161661942999
B06071,60381.161713832000
B06073,60381.161751911997
B06076,60381.161756230998
B06077,60381.161776089000
B06078,60381.161864187998
B06079,60381.161979299002
B06080,60381.161983646998
B06081,60381.162008378000
B06082,60381.162114555002
B06083,60381.162241764003
B06084,60381.162270918998
B06085,60381.162332699001
B06086,60381.162505310000
B06087,60381.162519734004
B06088,60381.162571973000
B06089,60381.162673589999
B06090,60381.162787713998
B06091,60381.162880582997
B06092,60381.163110961003
B06093,60381.163183668003
B06094,60381.163276181003
B06095,60381.163317302002
B06099,60381.163338739003
B06101,60381.163344768996
B06102,60381.163354222001
B06103,60381.163472164997
B06105,60381.163608199000
B06107,60381.163643471002
B06108,60381.163729722000
B06109,60381.163802902003
B06110,60381.163826468997
B06111,60381.164005412000
B06113,60381.164238332000
B06114,60381.164302457000
B06115,60381.164306708000
B06116,60381.164390097001
B06117,60381.164437170999
B06118,60381.164558436001
B06119,60381.164600885000
B06120,60381.164679772999
B06121,60381.164691370002
B06124,60381.164725103998
B06125,60381.164743103996
B06126,60381.164842272003
B06127,60381.164967702003
B06128,60381.165021829998
B06129,60381.165126428001
B06130,60381.165197492002
B06131,60381.165199271003
B06132,60381.165222543998
B06134,60381.165268618999
B06136,60381.165521524999
B06137,60381.165571584999
B06138,60381.165606757997
B06139,60381.165658045997
B06140,60381.165859077002
B06141,60381.166036672999
B06142,60381.166083354998
B06143,60381.166158451000
B06144,60381.166225907000
B06145,60381.166286662003
B06146,60381.166398569003
B06148,60381.166642450000
B06150,60381.166762565997
B06151,60381.166887970001
B06152,60381.166979936999
B06155,60381.167097047000
B06156,60381.167135688003
B06158,60381.167348759998
B06159,60381.167363448003
B06160,60381.167386004003
B06161,60381.167393545002
B06163,60381.167497169001
B06166,60381.167554601001
B06167,60381.167668515998
B06168,60381.167720778998
B06169,60381.167825208002
B06172,60381.167878011998
B06173,60381.167890283003
B06174,60381.168010964997
B06175,60381.168111093000
B06176,60381.168125397999
B06177,60381.168156473002
B06178,60381.168203925001
B06179,60381.168231247000
B06180,60381.168259787999
B06181,60381.168296604003
B06182,60381.168346922997
B06183,60381.168374968001
B06185,60381.168413131003
B06186,60381.168438941000
B06188,60381.168483119996
B06189,60381.168506763999
B06190,60381.168548923000
B06191,60381.168559717997
B06192,60381.168715751002
B06193,60381.168750190001
B06196,60381.168770684999
B06198,60381.168839742000
B06199,60381.168898771997
B06200,60381.168909239001
B06201,60381.168976658002
B06202,60381.169055694998
B06203,60381.169093217002
B06204,60381.169135092001
B06205,60381.169156397002
B06206,60381.169215055001
B06207,60381.169330694000
B06208,60381.169421792998
B06209,60381.169478028001
B06210,60381.169773339003
B06211,60381.169948969000
B06212,60381.169955368001
B06213,60381.169984127002
B06215,60381.169985642999
B06216,60381.170230939002
B06217,60381.170283721003
B06218,60381.170354110996
B06219,60381.170370877997
B06220,60381.170379078998
B06221,60381.170407001002
B06222,60381.170408266997
B06224,60381.170553226002
B06225,60381.170804706999
B06227,60381.170900912999
B06228,60381.171034628998
B06229,60381.171038720997
B06230,60381.171148708003
B06231,60381.171329853998
B06233,60381.171595307998
B06234,60381.171709367998
B06235,60381.171796574999
B06236,60381.171843709002
B06237,60381.171845142002
B06238,60381.172212717996
B06239,60381.172261451000
B06241,60381.172304590000
B06242,60381.172333800001
B06244,60381.172342594000
B06246,60381.172359124001
B06247,60381.172437929003
B06248,60381.172633517002
B06249,60381.172637449003
B06250,60381.172706418998
B06251,60381.172823109999
B06252,60381.172899953999
B06253,60381.172901250997
B06254,60381.172998039001
B06255,60381.173004147000
B06256,60381.173054075000
B06257,60381.173073928003
B06258,60381.173241322998
B06259,60381.173243504003
B06260,60381.173424136003
B06261,60381.173528674000
B06262,60381.173562967997
B06263,60381.174010069000
B06264,60381.174055244999
B06268,60381.174177064997
B06269,60381.174229828001
B06270,60381.174295138997
B06271,60381.174324195003
B06272,60381.174402910001
B06273,60381.174416563001
B06274,60381.174441044001
B06275,60381.174456050001
B06276,60381.174604913998
B06278,60381.174649540000
B06279,60381.174804670001
B06280,60381.174808962001
B06281,60381.174849554998
B06282,60381.174850934003
B06283,60381.174909472997
B06284,60381.175068777004
B06286,60381.175111058998
B06288,60381.175126693000
B06289,60381.175131385004
B06291,60381.175144214001
B06292,60381.175150805000
B06293,60381.175153641001
B06294,60381.175157013000
B06295,60381.175303623997
B06297,60381.175444257999
B06299,60381.175502188002
B06300,60381.175558100003
B06301,60381.175645802999
B06302,60381.175667495001
B06303,60381.175873767999
B06304,60381.175951427998
B06305,60381.176107018000
B06306,60381.176157882997
B06307,60381.176212494000
B06308,60381.176334345997
B06309,60381.176352838003
B06310,60381.176479378002
B06311,60381.176498027999
B06312,60381.176528463999
B06313,60381.176549684998
B06314,60381.176631344999
B06315,60381.176783440002
B06317,60381.176798922999
B06318,60381.176831466000
B06319,60381.176851778000
B06320,60381.176952162001
B06321,60381.177027750004
B06322,60381.177336813998
B06323,60381.177366502001
B06324,60381.177431677002
B06325,60381.177604643999
B06327,60381.177617547000
B06328,60381.177618884998
B06329,60381.177692019002
B06330,60381.177762373001
B06331,60381.177775220996
B06334,60381.177995117003
B06335,60381.178166081998
B06336,60381.178289727002
B06338,60381.178350527000
B06341,60381.178399967997
B06342,60381.178476034002
B06343,60381.178518146997
B06344,60381.178523376999
B06345,60381.178726833001
B06346,60381.178739317998
B06347,60381.178795070999
B06348,60381.178873188997
B06349,60381.178948886001
B06350,60381.179330685001
B06351,60381.179331959000
B06352,60381.179369812999
B06353,60381.179391826998
B06355,60381.179508731002
B06356,60381.179525348001
B06357,60381.179599602998
B06358,60381.179641497998
B06359,60381.179660745001
B06360,60381.179839543001
B06361,60381.179886375998
B06362,60381.179912881998
B06363,60381.179914852997
B06364,60381.179922157004
B06365,60381.179942966002
B06367,60381.179992794001
B06371,60381.180013742996
B06372,60381.180315803998
B06375,60381.180495433000
B06378,60381.180642623003
B06381,60381.180717349998
B06383,60381.180799674003
B06384,60381.180814967003
B06385,60381.180836202002
B06386,60381.180864419999
B06387,60381.180893381003
B06388,60381.180939475998
B06389,60381.181002630001
B06391,60381.181090938997
B06393,60381.181232338000
B06394,60381.181241942002
B06395,60381.181273654998
B06396,60381.181349806997
B06397,60381.181391177997
B06398,60381.181477418999
B06399,60381.181495921999
B06402,60381.181684349001
B06403,60381.181689792000
B06405,60381.181763086999
B06406,60381.181908327999
B06407,60381.182181600998
B06408,60381.182300430999
B06409,60381.182371126000
B06411,60381.182594051999
B06412,60381.182621906999
B06413,60381.182669595997
B06414,60381.182727605999
B06415,60381.182787992002
B06416,60381.182826860000
B06419,60381.182860692003
B06421,60381.182970226000
B06423,60381.183059786003
B06429,60381.183111835002
B06431,60381.183198323997
B06432,60381.183199583997
B06433,60381.183319659998
B06434,60381.183321604003
B06435,60381.183341575001
B06436,60381.183356617003
B06437,60381.183438421998
B06438,60381.183691345999
B06439,60381.183742362002
B06440,60381.183751678996
B06441,60381.183836310003
B06442,60381.183888608997
B06443,60381.183938109003
B06444,60381.184040526001
B06445,60381.184042228000
B06447,60381.184055564001
B06449,60381.184139580997
B06450,60381.184149111003
B06452,60381.184274986001
B06453,60381.184490435000
B06456,60381.184517884001
B06458,60381.184911352997
B06459,60381.184965453998
B06460,60381.184988911002
B06461,60381.185173607002
B06462,60381.185201437998
B06463,60381.185602944002
B06465,60381.185646969003
B06466,60381.185707406003
B06468,60381.185710906000
B06469,60381.185792955999
B06470,60381.185794671997
B06472,60381.185861949001
B06474,60381.185949806997
B06475,60381.186042544003
B06476,60381.186084239002
B06477,60381.186182878002
B06478,60381.186252462998
B06479,60381.186439527002
B06480,60381.186623462003
B06481,60381.186724423002
B06482,60381.186751371999
B06483,60381.186786949998
B06484,60381.186898186999
B06485,60381.186903403002
B06486,60381.187036554998
B06487,60381.187053127003
B06488,60381.187300944999
B06490,60381.187401542003
B06491,60381.187420948998
B06492,60381.187437683002
B06493,60381.187455375002
B06495,60381.187505433998
B06496,60381.187521031999
B06498,60381.187660497002
B06500,60381.188052776997
B06501,60381.188137650002
B06502,60381.188197468000
B06503,60381.188270812003
B06504,60381.188337524000
B06505,60381.188478823999
B06506,60381.188575902997
B06507,60381.188597995002
B06509,60381.188600380003
B06511,60381.188617615000
B06512,60381.188649575000
B06513,60381.188992818999
B06514,60381.189041832004
B06516,60381.189617279000
B06517,60381.189649631000
B06518,60381.189814805999
B06519,60381.189977679001
B06520,60381.190041232003
B06521,60381.190210544999
B06522,60381.190245913000
B06523,60381.190288586004
B06524,60381.190323989998
B06525,60381.190387240000
B06526,60381.190575307999
B06527,60381.190666912000
B06529,60381.190679952000
B06530,60381.190727467001
B06531,60381.190733812000
B06532,60381.190975835001
B06533,60381.191038115998
B06534,60381.191071663001
B06535,60381.191105929996
B06536,60381.191165584001
B06537,60381.191272917000
B06538,60381.191340252997
B06539,60381.191421866999
B06540,60381.191503116002
B06541,60381.191555614998
B06542,60381.191715916000
B06543,60381.191886089997
B06544,60381.191907344000
B06545,60381.191933629001
B06546,60381.191935050003
B06547,60381.192009070000
B06550,60381.192098943997
B06553,60381.192106912997
B06554,60381.192173654003
B06556,60381.192191668000
B06558,60381.192254353002
B06559,60381.192312050000
B06560,60381.192326869001
B06561,60381.192328785000
B06562,60381.192369418997
B06563,60381.192389559998
B06564,60381.192613936997
B06566,60381.192627885997
B06567,60381.192648144002
B06570,60381.192691085998
B06573,60381.192696188002
B06574,60381.192792160997
B06575,60381.192869510000
B06577,60381.193007882001
B06578,60381.193052458002
B06580,60381.193077035001
B06581,60381.193335825999
B06583,60381.193431959000
B06586,60381.193463176001
B06588,60381.193473029998
B06589,60381.193474904998
B06590,60381.193581473002
B06591,60381.193604893997
B06593,60381.193652900998
B06594,60381.193694982998
B06595,60381.194004407000
B06596,60381.194011361004
B06597,60381.194021292002
B06598,60381.194104857997
B06599,60381.194108199001
B06603,60381.194165977002
B06604,60381.194171210998
B06605,60381.194173233001
B06607,60381.194197719000
B06608,60381.194237655996
B06610,60381.194296444002
B06611,60381.194438553997
B06612,60381.194450051000
B06613,60381.194457488004
B06614,60381.194504820996
B06615,60381.194866145997
B06616,60381.195012914002
B06617,60381.195016851001
B06618,60381.195044266999
B06619,60381.195144477999
B06620,60381.195319849001
B06621,60381.195470459999
B06622,60381.195644979001
B06623,60381.195709690001
B06625,60381.195726209997
B06626,60381.195798859000
B06627,60381.195879165003
B06628,60381.195982062003
B06629,60381.195991597000
B06630,60381.196074908003
B06631,60381.196145834998
B06632,60381.196255843999
B06633,60381.196327049001
B06634,60381.196461195002
B06635,60381.196470474002
B06636,60381.196692245001
B06637,60381.197076019002
B06638,60381.197254443003
B06639,60381.197324328998
B06641,60381.197337113001
B06642,60381.197391592003
B06644,60381.197398187003
B06646,60381.197402787999
B06647,60381.197418167001
B06649,60381.197483114003
B06651,60381.197489935999
B06652,60381.197615529003
B06653,60381.197649841997
B06654,60381.197685382002
B06655,60381.197827128002
B06656,60381.197849160999
B06657,60381.197850826997
B06658,60381.197854457998
B06659,60381.197951228001
B06660,60381.197979436998
B06662,60381.197987396998
B06664,60381.198108418997
B06665,60381.198239070000
B06666,60381.198322554999
B06667,60381.198394669002
B06669,60381.198566348998
B06670,60381.198707415999
B06671,60381.198754231002
B06672,60381.198756265003
B06673,60381.198838037999
B06674,60381.198994370003
B06676,60381.199010755001
B06677,60381.199014874001
B06678,60381.199172271998
B06679,60381.199192332999
B06680,60381.199321603999
B06681,60381.199330830001
B06682,60381.199344378001
B06683,60381.199351351002
B06684,60381.199447165003
B06685,60381.199457151000
B06686,60381.199495476998
B06687,60381.199662236002
B06688,60381.199681093000
B06691,60381.199725448998
B06692,60381.199804896001
B06693,60381.199822240997
B06694,60381.200095376997
B06695,60381.200190627998
B06696,60381.200200280997
B06697,60381.200286186999
B06698,60381.200320611999
B06700,60381.200430580000
B06701,60381.200565509003
B06702,60381.200651072999
B06703,60381.200725718001
B06705,60381.200796810001
B06706,60381.200853381997
B06707,60381.200917369002
B06708,60381.201005021998
B06709,60381.201009003998
B06710,60381.201056274003
B06711,60381.201101810002
B06715,60381.201114558004
B06716,60381.201178411000
B06717,60381.201409039997
B06718,60381.201431414003
B06719,60381.201516528999
B06720,60381.201532079998
B06721,60381.201539433998
B06722,60381.201919049003
B06723,60381.201920250998
B06724,60381.202213240002
B06725,60381.202261806997
B06726,60381.202399788999
B06727,60381.202515696001
B06728,60381.202557604003
B06729,60381.202595629999
B06730,60381.202767709998
B06731,60381.202788964998
B06732,60381.202880732999
B06735,60381.202890740999
B06737,60381.202932740001
B06738,60381.202982936004
B06739,60381.203139110999
B06740,60381.203179065000
B06741,60381.203180381002
B06742,60381.203184295002
B06744,60381.203268480000
B06745,60381.203338615996
B06748,60381.203402888001
B06749,60381.203415199998
B06751,60381.203431134003
B06753,60381.203592500002
B06754,60381.203708385001
B06755,60381.203722111000
B06756,60381.203915819002
B06757,60381.203920954002
B06758,60381.204068546998
B06759,60381.204191272998
B06761,60381.204193302001
B06763,60381.204452894002
B06764,60381.204459257002
B06765,60381.204502945002
B06766,60381.204632674999
B06767,60381.204655658999
B06768,60381.204962497002
B06769,60381.204967327001
B06770,60381.204980139002
B06771,60381.205003205003
B06772,60381.205009511999
B06774,60381.205057277999
B06775,60381.205138249999
B06776,60381.205414286000
B06777,60381.205472661997
B06778,60381.205555394998
B06779,60381.205558907997
B06780,60381.205723329003
B06781,60381.205750326997
B06782,60381.205860435999
B06783,60381.206168589997
B06784,60381.206270804003
B06785,60381.206276857003
B06786,60381.206297573000
B06788,60381.206316101998
B06790,60381.206323434002
B06791,60381.206405543999
B06793,60381.206571524999
B06795,60381.206606915002
B06796,60381.206683454999
B06797,60381.206746595002
B06798,60381.206777266001
B06799,60381.206907551998
B06800,60381.207014451997
B06804,60381.207018467001
B06805,60381.207062050002
B06806,60381.207176199998
B06807,60381.207192335001
B06809,60381.207258980001
B06810,60381.207570370003
B06811,60381.207598715002
B06812,60381.207680824999
B06813,60381.207694716002
B06814,60381.207754975003
B06816,60381.207800928998
B06817,60381.208100477001
B06818,60381.208116542999
B06819,60381.208139896000
B06820,60381.208221137000
B06821,60381.208323981002
B06822,60381.208422215001
B06823,60381.208487937001
B06824,60381.208514949001
B06825,60381.208526782997
B06826,60381.208542257998
B06827,60381.208563966997
B06828,60381.208595057004
B06830,60381.208601297003
B06834,60381.208633269001
B06835,60381.208670284999
B06837,60381.208791562000
B06839,60381.208824396999
B06840,60381.208872427000
B06843,60381.208956123999
B06844,60381.209016228000
B06846,60381.209029946003
B06847,60381.209042629998
B06848,60381.209095972001
B06849,60381.209397885999
B06850,60381.209566320002
B06851,60381.209572063999
B06852,60381.209652559002
B06856,60381.209839321004
B06857,60381.209993814002
B06858,60381.210037762001
B06859,60381.210203941999
B06860,60381.210296238001
B06861,60381.210401924000
B06862,60381.210429708997
B06863,60381.210433838001
B06864,60381.210691136002
B06865,60381.210717925002
B06866,60381.210932690999
B06868,60381.211029231999
B06870,60381.211034863001
B06871,60381.211036328998
B06872,60381.211054801999
B06873,60381.211168852999
B06874,60381.211305710000
B06875,60381.211330710998
B06876,60381.211356047999
B06877,60381.211392299003
B06878,60381.211418801002
B06879,60381.211561370001
B06880,60381.211606527999
B06881,60381.211664861999
B06882,60381.211776910000
B06884,60381.211838124997
B06885,60381.211889113001
B06886,60381.211890373997
B06887,60381.211908379002
B06888,60381.211912225001
B06889,60381.211966397997
B06890,60381.212002214001
B06891,60381.212052823001
B06892,60381.212178462003
B06893,60381.212180273003
B06894,60381.212262997004
B06895,60381.212267133997
B06896,60381.212487844998
B06897,60381.212519754001
B06898,60381.212603492997
B06899,60381.212642666003
B06900,60381.212858701998
B06902,60381.212967983003
B06903,60381.212983867998
B06904,60381.213185799003
B06907,60381.213227647997
B06909,60381.213245535000
B06911,60381.213388951001
B06913,60381.213468556998
B06914,60381.213472748997
B06915,60381.213499532998
B06916,60381.213745681001
B06917,60381.213747492002
B06919,60381.213781434999
B06920,60381.213902395000
B06921,60381.214014976002
B06923,60381.214029117000
B06924,60381.214094887997
B06925,60381.214124443999
B06926,60381.214132048997
B06927,60381.214208696998
B06928,60381.214227630997
B06929,60381.214432143002
B06930,60381.214665205000
B06931,60381.214927319001
B06932,60381.215073152001
B06933,60381.215199295002
B06934,60381.215210445996
B06935,60381.215294307003
B06936,60381.215503280997
B06937,60381.215531904003
B06940,60381.215614850997
B06941,60381.215775684002
B06943,60381.216036660000
B06944,60381.216038193998
B06945,60381.216079142003
B06946,60382.170573700998
B06947,60382.170696722998
B06948,60382.170977583002
B06952,60382.171001838004
B06953,60382.171162129998
B06954,60382.171294398999
B06955,60382.171434365002
B06956,60382.171642606001
B06958,60382.171660314998
B06959,60382.171768521999
B06960,60382.171820488002
B06961,60382.171847008998
B06962,60382.171958703002
B06963,60382.171976803002
B06964,60382.171986738002
B06965,60382.172067059000
B06966,60382.172261840999
B06967,60382.172483964001
B06968,60382.172584341999
B06972,60382.172629783003
B06974,60382.172711022999
B06975,60382.172714195003
B06976,60382.172765843003
B06977,60382.172803137000
B06978,60382.172823822999
B06980,60382.172829260999
B06982,60382.172943231002
B06983,60382.172956779003
B06985,60382.173013521002
B06987,60382.173276267000
B06988,60382.173328999001
B06990,60382.173396639999
B06991,60382.173436896002
B06992,60382.173447979003
B06993,60382.173530207001
B06995,60382.173608347999
B06996,60382.173839331997
B06997,60382.173891124999
B07000,60382.173897401000
B07001,60382.173992213997
B07002,60382.174247638002
B07004,60382.174255701997
B07007,60382.174296468998
B07011,60382.174438700997
B07012,60382.174492985003
B07013,60382.174559820996
B07014,60382.174641174999
B07015,60382.174863118998
B07016,60382.174865408000
B07017,60382.175055924999
B07018,60382.175107736999
B07020,60382.175130844000
B07021,60382.175296620997
B07022,60382.175463662999
B07023,60382.175550598004
B07024,60382.175615794004
B07029,60382.175800076999
B07030,60382.175802671001
B07031,60382.175810603003
B07032,60382.175928459001
B07033,60382.175933138002
B07034,60382.175977755003
B07035,60382.176046569999
B07036,60382.176080286001
B07037,60382.176125120997
B07038,60382.176136112997
B07039,60382.176208655997
B07040,60382.176211669001
B07041,60382.176252161997
B07042,60382.176268360003
B07044,60382.176360897000
B07045,60382.176450608000
B07046,60382.176500093999
B07047,60382.176509541998
B07048,60382.176537031999
B07049,60382.176577061000
B07050,60382.176778542002
B07051,60382.176838646999
B07052,60382.176846269998
B07053,60382.177041360999
B07054,60382.177272285997
B07055,60382.177458487997
B07056,60382.177569435000
B07057,60382.177646420001
B07058,60382.177733760000
B07059,60382.177970559998
B07060,60382.177972434998
B07062,60382.178082635000
B07063,60382.178148496998
B07064,60382.178150476997
B07065,60382.178325797002
B07066,60382.178646487002
B07067,60382.178657750999
B07068,60382.179066138997
B07069,60382.179094015999
B07070,60382.179165547997
B07072,60382.179168196999
B07073,60382.179172575001
B07075,60382.179232757997
B07077,60382.179300996002
B07078,60382.179435272003
B07079,60382.179455425001
B07080,60382.179608694001
B07082,60382.179649666003
B07083,60382.179730951000
B07084,60382.179782635998
B07085,60382.179789103997
B07086,60382.179802592997
B07090,60382.179843181999
B07091,60382.179938695997
B07092,60382.179974482002
B07094,60382.180022761997
B07095,60382.180101354999
B07096,60382.180119026998
B07097,60382.180126018997
B07098,60382.180128088999
B07099,60382.180171517997
B07100,60382.180172973996
B07101,60382.180180720003
B07104,60382.180204201002
B07105,60382.180305798996
B07108,60382.180343002001
B07109,60382.180678445999
B07110,60382.180951310002
B07112,60382.180965883999
B07113,60382.181008410000
B07114,60382.181019598000
B07115,60382.181049895997
B07116,60382.181058470000
B07117,60382.181099959998
B07118,60382.181257374999
B07119,60382.181369341997
B07120,60382.181763307002
B07121,60382.181778781996
B07122,60382.181889715001
B07123,60382.182028101000
B07124,60382.182057972001
B07125,60382.182083564003
B07126,60382.182127056003
B07129,60382.182141488003
B07130,60382.182368164998
B07133,60382.182423405000
B07134,60382.182508587000
B07138,60382.182633529002
B07139,60382.182713109003
B07140,60382.182718607000
B07141,60382.182805094999
B07142,60382.182811002996
B07143,60382.182933565004
B07144,60382.182961910003
B07145,60382.182969246001
B07148,60382.183007460000
B07151,60382.183063053002
B07152,60382.183066138998
B07153,60382.183246029999
B07154,60382.183716065003
B07155,60382.183744424001
B07156,60382.183773919998
B07157,60382.183795598001
B07159,60382.183821594997
B07160,60382.183828018002
B07161,60382.183885090999
B07162,60382.183915875998
B07163,60382.184032630001
B07165,60382.184034651000
B07166,60382.184070279000
B07167,60382.184233164997
B07168,60382.184266557997
B07169,60382.184288691002
B07170,60382.184289851997
B07171,60382.184291448997
B07172,60382.184433258997
B07174,60382.184612434001
B07175,60382.184614086000
B07177,60382.184639047999
B07179,60382.184764878999
B07182,60382.184767387000
B07184,60382.184801855001
B07185,60382.184855150001
B07186,60382.184999780999
B07187,60382.185048772000
B07188,60382.185131163002
B07189,60382.185150625002
B07190,60382.185265931999
B07191,60382.185364627003
B07192,60382.185401497998
B07193,60382.185555500000
B07194,60382.185667480000
B07195,60382.185761799999
B07197,60382.185817113001
B07198,60382.185823881002
B07199,60382.185837493998
B07201,60382.185908772000
B07203,60382.185910387998
B07204,60382.185954025001
B07205,60382.186144132000
B07206,60382.186285655000
B07208,60382.186409209004
B07209,60382.186479340002
B07210,60382.186533783002
B07211,60382.186557936999
B07212,60382.186613236001
B07213,60382.186655698002
B07214,60382.186746952000
B07215,60382.186770974004
B07216,60382.186814342997
B07217,60382.187084899997
B07218,60382.187209791999
B07219,60382.187273893003
B07220,60382.187381534997
B07222,60382.187448302997
B07223,60382.187594700001
B07224,60382.187702206997
B07225,60382.187772227997
B07226,60382.187937987997
B07228,60382.187984472999
B07229,60382.188015813997
B07230,60382.188064139998
B07231,60382.188071721997
B07234,60382.188089739997
B07235,60382.188101950996
B07236,60382.188155365002
B07237,60382.188194711001
B07239,60382.188196796000
B07240,60382.188237934999
B07242,60382.188272952997
B07243,60382.188357234001
B07244,60382.188456684002
B07245,60382.188458732002
B07246,60382.188497162999
B07247,60382.188603091003
B07248,60382.188636879000
B07250,60382.188681541003
B07251,60382.188818617004
B07253,60382.188907454001
B07254,60382.189007913999
B07255,60382.189136825997
B07256,60382.189139615999
B07257,60382.189143711999
B07258,60382.189176467000
B07259,60382.189249374002
B07260,60382.189301842998
B07261,60382.189341593003
B07262,60382.189358638003
B07263,60382.189586984998
B07264,60382.189716161003
B07265,60382.189774689999
B07266,60382.189808916999
B07267,60382.189882434002
B07268,60382.189901630001
B07269,60382.190079182001
B07270,60382.190250792999
B07271,60382.190437090001
B07273,60382.190526327999
B07274,60382.190576351000
B07275,60382.190688144998
B07276,60382.190689542003
B07277,60382.190718379003
B07278,60382.190724683001
B07279,60382.190844923003
B07280,60382.191130503998
B07281,60382.191183121002
B07282,60382.191184518997
B07283,60382.191221234003
B07285,60382.191423666998
B07287,60382.191467605000
B07288,60382.191596520002
B07289,60382.191601307997
B07290,60382.191888153997
B07292,60382.191974497000
B07293,60382.192009300001
B07294,60382.192026386001
B07295,60382.192040241003
B07296,60382.192357296000
B07297,60382.192469396003
B07298,60382.192576046997
B07299,60382.192613161998
B07300,60382.192718343002
B07301,60382.192806628998
B07302,60382.193040325001
B07303,60382.193145377998
B07304,60382.193327752997
B07305,60382.193381079996
B07307,60382.193539505999
B07308,60382.193678725998
B07309,60382.193842077002
B07310,60382.193961557998
B07311,60382.194118653999
B07312,60382.194123875997
B07313,60382.194370295998
B07314,60382.194544929000
B07316,60382.194572952001
B07317,60382.195018054997
B07318,60382.195123568999
B07321,60382.195145382997
B07322,60382.195185383003
B07323,60382.195221121001
B07324,60382.195291033000
B07325,60382.195460164003
B07327,60382.195715905997
B07328,60382.195900097002
B07329,60382.196119223998
B07330,60382.196191247996
B07332,60382.196327040001
B07336,60382.196540254998
B07337,60382.196593915003
B07339,60382.196680412002
B07341,60382.197201144001
B07344,60382.197356703997
B07345,60382.197471774001
B07346,60382.197485682998
B07349,60382.197594550002
B07350,60382.197679536002
B07351,60382.197717199000
B07352,60382.198015567999
B07353,60382.198383048999
B07354,60382.198476459998
B07355,60382.198702239999
B07356,60382.198781642997
B07358,60382.198844822997
B07360,60382.198963174997
B07361,60382.199045075999
B07362,60382.199064337001
B07363,60382.199106569002
B07365,60382.199693691000
B07366,60382.199794496999
B07367,60382.200080961004
B07368,60382.200084368997
B07369,60382.200131238998
B07371,60382.200308715997
B07372,60382.200588170999
B07374,60382.200653806001
B07375,60382.201387137997
B07376,60382.201973263000
B07377,60382.202138212000
B07378,60382.202152520003
B07379,60382.202366914004
B07380,60382.202447035997
B07381,60382.202813925003
B07382,60382.202820592000
B07383,60382.203025878000
B07384,60382.203091636002
B07385,60382.203120568003
B07386,60382.203122460996
B07387,60382.203160969999
B07388,60382.203171205998
B07391,60382.203323415000
B07392,60382.203326219002
B07393,60382.203378899998
B07395,60382.203580367997
B07396,60382.203648258997
B07397,60382.203827193000
B07398,60382.204156881002
B07399,60382.204182353998
B07400,60382.204564107997
B07401,60382.204724914001
B07402,60382.204869481997
B07403,60382.204954423003
B07404,60382.204955615998
B07405,60382.205044347000
B07406,60382.205215946000
B07407,60382.205246953003
B07408,60382.205270534003
B07410,60382.205558535003
B07411,60382.205705975000
B07412,60382.205901872003
B07413,60382.206121839998
B07414,60382.206237339000
B07415,60382.206248292998
B07416,60382.206434820000
B07417,60382.206492334000
B07418,60382.206527110997
B07419,60382.206662589000
B07420,60382.206700082999
B07421,60382.207002702999
B07425,60382.207142810003
B07426,60382.207454315001
B07427,60382.207489877997
B07428,60382.207680551001
B07431,60382.207732786002
B07432,60382.207897943001
B07433,60382.208072567002
B07434,60382.208094900998
B07435,60382.208157086003
B07436,60382.208213334998
B07437,60382.208249543997
B07438,60382.208296058998
B07439,60382.208594547003
B07441,60382.208692845998
B07443,60382.209041839000
B07444,60382.209046067001
B07445,60382.209076523999
B07447,60382.209200671001
B07449,60382.209357526997
B07450,60382.209416971004
B07451,60382.209495518000
B07453,60382.209500618999
B07454,60382.209596989000
B07455,60382.209680526998
B07457,60382.209746599001
B07459,60382.209814772999
B07460,60382.209964565001
B07461,60382.210009240996
B07462,60382.210346209999
B07463,60382.210362379999
B07464,60382.210463814998
B07465,60382.210551472999
B07466,60382.210655884002
B07467,60382.210714915003
B07469,60382.210758693996
B07470,60382.210824323003
B07471,60382.210861034000
B07475,60382.211187553003
B07476,60382.211278830000
B07477,60382.211280495001
B07479,60382.211293581000
B07480,60382.211334706000
B07482,60384.188192440997
B07483,60384.188303561998
B07484,60384.188694031996
B07485,60384.188758292003
B07487,60384.189043874001
B07488,60384.189155330998
B07489,60384.189477113003
B07490,60384.189854399003
B07492,60384.189998688998
B07493,60384.190049650002
B07494,60384.190280729003
B07495,60384.190453096002
B07496,60384.190662419998
B07497,60384.190858677001
B07498,60384.191040848003
B07499,60384.191513721002
B07500,60384.191981859003
B07501,60384.192299950999
B07502,60384.192488348002
B07503,60384.192543327001
B07505,60384.193382343001
B07509,60384.193497282002
B07510,60384.193607984002
B07511,60384.193704461999
B07512,60384.193953255002
B07513,60384.194174622004
B07515,60384.194349842997
B07516,60384.194388589000
B07517,60384.194713657002
B07518,60384.195001763997
B07520,60384.195064403000
B07521,60384.195108419000
B07522,60384.195139399999
B07523,60384.195318680999
B07524,60384.195368654000
B07525,60384.195698969997
B07526,60384.195799768000
B07527,60384.195826953001
B07528,60384.195965856001
B07529,60384.195992456996
B07530,60384.196261698999
B07531,60384.196631744002
B07532,60384.196925060998
B07533,60384.197423671001
B07534,60384.197701120000
B07535,60384.197731426997
B07536,60384.198546430001
B07537,60384.198761056003
B07538,60384.198794595002
B07539,60384.199808901001
B07540,60384.199972139999
B07541,60384.200199129002
B07542,60384.200426645002
B07545,60384.200820425001
B07546,60384.200997747997
B07547,60386.116122305000
B07548,60386.116255572997
B07549,60386.116468897999
B07550,60386.116609516001
B07551,60386.116611553000
B07552,60386.116639883003
B07553,60386.116941243999
B07554,60386.117051768000
B07555,60386.117099552997
B07556,60386.117553420001
B07557,60386.117635654002
B07558,60386.117808731004
B07559,60386.118003114003
B07560,60386.118004597003
B07561,60386.118292965002
B07564,60386.118371315999
B07565,60386.118372523000
B07566,60386.118503933001
B07567,60386.118525165002
B07568,60386.118672217999
B07569,60386.118847767000
B07570,60386.118929908997
B07571,60386.118952263001
B07572,60386.119019147998
B07573,60386.119075146999
B07574,60386.119098080999
B07576,60386.119160943999
B07577,60386.119168650002
B07578,60386.119656975003
B07579,60386.119790869998
B07580,60386.119812575998
B07581,60386.120054501996
B07582,60386.120132966003
B07583,60386.120637895001
B07584,60386.120645424002
B07585,60386.120673887002
B07586,60386.120719368002
B07588,60386.120727196998
B07590,60386.120854547997
B07591,60386.120910669997
B07592,60386.120985043002
B07593,60386.121512705999
B07594,60386.121578304002
B07595,60386.121682493002
B07596,60386.121733512999
B07597,60386.122170750001
B07598,60386.122332986997
B07599,60386.122379118999
B07600,60386.122445991998
B07601,60386.122508991000
B07602,60386.122530310000
B07603,60386.122542153003
B07604,60386.122784291998
B07605,60386.122854982998
B07606,60386.122905844000
B07607,60386.122915355998
B07608,60386.122916526001
B07610,60386.123077279000
B07612,60386.123123047000
B07613,60386.123228092001
B07615,60386.123277318999
B07616,60386.123451362000
B07617,60386.123528957003
B07618,60386.123540462999
B07619,60386.123627234003
B07620,60386.123716103000
B07621,60386.124007974999
B07622,60386.124196342003
B07624,60386.124513982999
B07625,60386.124674617997
B07626,60386.124755042998
B07627,60386.124786594002
B07628,60386.124912182997
B07629,60386.125022287997
B07630,60386.125197264002
B07631,60386.125233352002
B07634,60386.125290124997
B07635,60386.125492184998
B07636,60386.125685532003
B07637,60386.125743760000
B07638,60386.125843676004
B07639,60386.125940099002
B07640,60386.126101185000
B07641,60386.126127500000
B07642,60386.126279602002
B07643,60386.126487807000
B07644,60386.126653569998
B07646,60386.126786665001
B07647,60386.126962788003
B07648,60386.127371524002
B07649,60386.127400088997
B07651,60386.127945450004
B07652,60386.128736279999
B07653,60386.128764111003
B07654,60386.128880130003
B07655,60386.128947461999
B07656,60386.129126018997
B07657,60386.129392501003
B07658,60386.129479757998
B07659,60386.129756923998
B07660,60386.129772499000
B07661,60386.130199763997
B07664,60386.130201884996
B07666,60386.130460435998
B07667,60386.130548886998
B07668,60386.130679018999
B07669,60386.130704946998
B07670,60386.130840926999
B07671,60386.130852693001
B07672,60386.131292897000
B07673,60386.131398127996
B07676,60386.131487525003
B07678,60386.131889944001
B07679,60386.132178271000
B07680,60386.132359791001
B07681,60386.132376777001
B07682,60386.132658044000
B07683,60386.132713838997
B07684,60386.132827476002
B07685,60386.133050172997
B07686,60386.133334152997
B07687,60386.133341900000
B07688,60386.133369550000
B07689,60386.133544033000
B07690,60386.133548644000
B07691,60386.133593051003
B07692,60386.133880016001
B07694,60386.133916981998
B07697,60386.133948208997
B07699,60386.134101670999
B07700,60386.134448140001
B07701,60386.134517338003
B07702,60386.134627785999
B07703,60386.134629369997
B07705,60386.134705700002
B07706,60386.134841594001
B07707,60386.135113261997
B07708,60386.135226986000
B07709,60386.135260743999
B07710,60386.135563151998
B07711,60386.135588557001
B07712,60386.135592266000
B07713,60386.135648192998
B07714,60386.135672520002
B07715,60386.135675883001
B07716,60386.135754461997
B07717,60386.135762762999
B07718,60390.155655968003
B07719,60390.155866437002
B07720,60390.156186938002
B07721,60390.156301153002
B07722,60390.156406809001
B07723,60390.156414983001
B07724,60390.156445113003
B07725,60390.156486362001
B07726,60390.156534948997
B07727,60390.156774953997
B07728,60390.157333752002
B07729,60390.157515608000
B07732,60390.157562243003
B07733,60390.157791553000
B07735,60390.157805982999
B07737,60390.157920530997
B07738,60390.157966165003
B07739,60390.158079779998
B07740,60390.158204546002
B07741,60390.158381421003
B07743,60390.158488319998
B07744,60390.158645586998
B07745,60390.158719382001
B07746,60390.158755436998
B07748,60390.158892200998
B07750,60390.159340521997
B07751,60390.159341792001
B07752,60390.159354508003
B07754,60390.159379641002
B07755,60390.159386394000
B07756,60390.159397805997
B07757,60390.159756257999
B07758,60390.159923368999
B07759,60390.160178694001
B07760,60390.160289915999
B07761,60390.160304997000
B07762,60390.160377794004
B07763,60390.160404674003
B07764,60390.160587306003
B07766,60390.160718808002
B07767,60390.160885988997
B07768,60390.160896068999
B07770,60390.160945465999
B07771,60390.161259699002
B07773,60390.161335894001
B07775,60390.161517132998
B07776,60390.161518481997
B07777,60390.161623583997
B07778,60390.162535939002
B07779,60390.162689301003
B07780,60390.162697300999
B07781,60390.162833497001
B07782,60390.163028750001
B07784,60390.163106473003
B07786,60390.163179978998
B07787,60390.163424662998
B07788,60390.163516132001
B07789,60390.164001008998
B07790,60390.164082583004
B07791,60390.164110329002
B07792,60390.164665388002
B07795,60390.164778612001
B07796,60390.164791427000
B07797,60390.165046262002
B07798,60390.165173120004
B07799,60390.165631663003
B07800,60390.165661243002
B07801,60390.165740343997
B07802,60390.165789375998
B07803,60390.166231103001
B07805,60390.166275386997
B07806,60390.166647947997
B07807,60390.166901119999
B07808,60390.167245716999
B07809,60390.167263324998
B07810,60390.167589817000
B07811,60390.167713167997
B07812,60390.167772157001
B07813,60390.167930677002
B07814,60390.167938560997
B07816,60390.167987736997
B07817,60390.167989324000
B07818,60390.167996507997
B07819,60390.168114419997
B07822,60390.168148022000
B07823,60390.168172967999
B07824,60390.168278088997
B07825,60390.168367842001
B07826,60390.168495534002
B07827,60390.168635016998
B07828,60390.168636385999
B07829,60396.130948104998
B07830,60396.131015106002
B07832,60396.131212881002
B07833,60396.131214335001
B07834,60396.131358193001
B07835,60396.131359936997
B07836,60396.131367196998
B07839,60396.131612529003
B07841,60396.131615742001
B07842,60396.131755927003
B07843,60396.131884818999
B07844,60396.131906932998
B07845,60396.131909096002
B07846,60396.131966428002
B07847,60396.132069617001
B07848,60396.132108081001
B07849,60396.132118676003
B07851,60396.132224096000
B07852,60396.132267754001
B07853,60396.132408726997
B07854,60396.132411776001
B07855,60396.132427655997
B07856,60396.132490787997
B07857,60396.133092821001
B07858,60396.133105139997
B07859,60396.133187154002
B07861,60396.133256330999
B07862,60396.133355104001
B07863,60396.133357911996
B07864,60396.133417598001
B07866,60396.133499557000
B07868,60396.133815809997
B07871,60396.133843262003
B07872,60396.134021701000
B07873,60396.134099479998
B07874,60396.134154182997
B07875,60396.134165069001
B07876,60396.134193500002
B07877,60396.134218526000
B07878,60396.134319393997
B07879,60396.134564221997
B07880,60396.134677258997
B07881,60396.134715013002
B07882,60396.134775726998
B07883,60396.134815441001
B07884,60396.134873775001
B07885,60396.134971501997
B07886,60396.135130501003
B07887,60396.135165519001
B07888,60396.135241753997
B07889,60396.135256592999
B07891,60396.135326381998
B07894,60396.135376858001
B07895,60396.135378263003
B07897,60396.135471180998
B07898,60396.135537697002
B07899,60396.135581451999
B07900,60396.135774440001
B07901,60396.135827548002
B07903,60396.135875357999
B07904,60396.135878084002
B07905,60396.135895100997
B07907,60396.135910254001
B07908,60396.136059753000
B07909,60396.136103546000
B07910,60396.136283451997
B07911,60396.136464190997
B07912,60396.136513901001
B07915,60396.136568296002
B07916,60396.136585437998
B07917,60396.136596810997
B07918,60396.136639017001
B07919,60396.136781669004
B07920,60396.136813860998
B07921,60396.136931166002
B07922,60396.136937591997
B07925,60396.136946544997
B07927,60396.137035849002
B07928,60396.137292795000
B07929,60396.137296118002
B07930,60396.137574567001
B07931,60396.137656592000
B07933,60396.137798144999
B07935,60396.137902781004
B07936,60396.138051807000
B07937,60396.138124705998
B07938,60396.138233685000
B07939,60396.138241120003
B07940,60396.138344767001
B07941,60396.138409605002
B07942,60396.138449288999
B07943,60396.138558872000
B07944,60396.138642338999
B07945,60396.138715895002
B07946,60396.138735401997
B07947,60396.138797359999
B07949,60396.138823726003
B07952,60396.138865754001
B07954,60396.138912522998
B07955,60396.138986972997
B07956,60396.139040328002
B07957,60396.139348550998
B07958,60396.139352170998
B07959,60396.139354307998
B07960,60396.139391425997
B07961,60396.139455573000
B07963,60396.139669570002
B07965,60396.139707668997
B07966,60396.139732932999
B07967,60396.139930005003
B07969,60396.139931614001
B07970,60396.140050604998
B07971,60396.140107908999
B07972,60396.140191960003
B07973,60396.140369553003
B07974,60396.140382370999
B07981,60396.140599199003
B07983,60396.140621977000
B07985,60396.140667508997
B07986,60396.140746939003
B07987,60396.140755752000
B07989,60396.140875397003
B07990,60396.140946459003
B07991,60396.140974401998
B07992,60396.141457979997
B07993,60396.141538816002
B07994,60396.141578470000
B07995,60396.141735334000
B07996,60396.141741646999
B07997,60396.141799678000
B07998,60396.141812693000
B07999,60396.142009149997
B08002,60396.142263750000
B08003,60396.142410818997
B08004,60396.142461123003
B08007,60396.142503329997
B08008,60396.142523224000
B08009,60396.142626818997
B08010,60396.142716750001
B08012,60396.142753909000
B08013,60396.142865524998
B08014,60396.142898945996
B08015,60396.142953702001
B08016,60396.143024796002
B08017,60396.143069872996
B08019,60396.143122857997
B08022,60396.143145146998
B08023,60396.143215108001
B08024,60396.143302457996
B08029,60396.143375893997
B08030,60396.143401250003
B08031,60396.143408005999
B08032,60396.143493358002
B08034,60396.143554064998
B08035,60396.143622269999
B08036,60396.143634234999
B08037,60396.143638128000
B08038,60396.143644076001
B08040,60396.143746018999
B08041,60396.143780853999
B08042,60396.143856438997
B08043,60396.144354802003
B08045,60396.144484343000
B08046,60396.144594263002
B08047,60396.144632121999
B08048,60396.144936261000
B08049,60396.145097619999
B08050,60396.145135268001
B08051,60396.145162567998
B08052,60396.145163820001
B08053,60396.145390773003
B08054,60396.145429764001
B08055,60396.145440271001
B08056,60396.145463984998
B08057,60396.145597297997
B08058,60396.145598991003
B08060,60396.145821024002
B08061,60396.146063362001
B08062,60396.146082858002
B08063,60396.146229867998
B08064,60396.146335951002
B08065,60396.146370501003
B08066,60396.146503568998
B08067,60396.146594020996
B08068,60396.146624604997
B08069,60396.146688367997
B08070,60396.146751726003
B08071,60396.146795795001
B08074,60396.146850217003
B08076,60396.146995989002
B08077,60396.147000707002
B08078,60396.147015021998
B08079,60396.147053836998
B08080,60396.147169329000
B08081,60396.147229572001
B08082,60396.147418533001
B08084,60396.147690174999
B08085,60396.147730997000
B08086,60396.147780132997
B08087,60396.147789554998
B08088,60396.147842186998
B08089,60396.147891945002
B08090,60396.148108941998
B08091,60396.148313837002
B08092,60396.148356270001
B08093,60396.148495333000
B08094,60396.148827812001
B08095,60396.149069503997
B08096,60396.149087575999
B08097,60396.149158842003
B08098,60396.149174470003
B08099,60396.149184626003
B08100,60396.149220510997
B08103,60396.149327958999
B08104,60396.149354818001
B08105,60396.149529606002
B08106,60396.149586054999
B08107,60396.149795236001
B08108,60396.149945309000
B08109,60396.150047996998
B08110,60396.150129711001
B08111,60396.150229188999
B08112,60396.150343873000
B08113,60396.150357550003
B08114,60396.150377275997
B08120,60396.150455247000
B08121,60396.150547664001
B08122,60396.150639339998
B08124,60396.150974926997
B08125,60396.151011485003
B08127,60398.979944931001
B08128,60398.979991423003
B08129,60398.980194894000
B08130,60398.980446342001
B08131,60398.980754436001
B08132,60398.980802667000
B08133,60398.980945062001
B08134,60398.980991242002
B08139,60398.981079051999
B08142,60398.981138146999
B08144,60398.981520948000
B08146,60398.981573247002
B08147,60398.981610493000
B08148,60398.981766965000
B08149,60398.981830580000
B08150,60398.981870456999
B08151,60398.981882433000
B08152,60398.982035959998
B08153,60398.982150750999
B08154,60398.982184387998
B08155,60398.982202444000
B08156,60398.982474306998
B08157,60398.982511781003
B08158,60398.982540892001
B08159,60398.982553848997
B08160,60398.982950322003
B08161,60398.982995919003
B08162,60398.983028121002
B08163,60398.983106767002
B08164,60398.983142331002
B08165,60398.983163370998
B08166,60398.983246716998
B08167,60398.983276141000
B08168,60398.983393588001
B08170,60398.983421994999
B08171,60398.983700778001
B08174,60398.983702721998
B08176,60398.983848295997
B08181,60398.984046828002
B08182,60398.984170964002
B08185,60398.984192960001
B08186,60398.984433668003
B08187,60398.984506856999
B08194,60398.984530841997
B08196,60398.984573371999
B08198,60398.984643233998
B08199,60398.984982385002
B08200,60398.985060223000
B08201,60398.985168371997
B08202,60398.985260948997
B08203,60398.985281524001
B08204,60398.985510674996
B08205,60398.985639145998
B08206,60398.985687403001
B08208,60398.985809104997
B08209,60398.985811487000
B08211,60398.985874689999
B08213,60398.985916600002
B08214,60398.985917831000
B08216,60398.985927264002
B08217,60398.985998383003
B08221,60398.986137795000
B08222,60398.986155543003
B08223,60398.986189570001
B08224,60398.986223437998
B08225,60398.986282332997
B08226,60398.986429322998
B08227,60398.986432252001
B08229,60398.986713020000
B08230,60398.986778999002
B08231,60398.986969103004
B08232,60398.986970988997
B08234,60398.987176522998
B08235,60398.987196280003
B08236,60398.987198978997
B08238,60398.987473462999
B08239,60398.987752715999
B08240,60398.987784805002
B08241,60398.987902640998
B08242,60398.987943439999
B08243,60398.988026013001
B08244,60398.988076925001
B08245,60398.988091792002
B08246,60398.988100907001
B08247,60398.988153503000
B08248,60398.988161187997
B08249,60398.988209269002
B08250,60398.988243302003
B08251,60398.988266879998
B08252,60398.988424007999
B08253,60398.988491465003
B08254,60398.988510167997
B08256,60398.988515331999
B08258,60398.988517602003
B08259,60398.988622514997
B08260,60398.988745269002
B08261,60398.988913471003
B08262,60398.988998198001
B08263,60398.989268409998
B08264,60398.989285210002
B08265,60398.989356361999
B08267,60398.989391891002
B08268,60398.989437060001
B08269,60398.989518914001
B08270,60398.989662339001
B08271,60398.989772856999
B08273,60398.989808712999
B08274,60398.989890479002
B08275,60398.989923289999
B08276,60398.989928501003
B08277,60398.989941018997
B08278,60398.989947225004
B08279,60398.989992711002
B08280,60398.990047551000
B08281,60398.990185633003
B08282,60398.990332079004
B08283,60398.990359365001
B08284,60398.990398333000
B08285,60398.990406591001
B08287,60398.990408236998
B08288,60398.990439171001
B08289,60398.990586328997
B08290,60398.990774323000
B08291,60398.990825929002
B08292,60398.990841494000
B08293,60398.991046871000
B08295,60398.991124414999
B08297,60398.991125870998
B08299,60398.991450586000
B08300,60398.991482693003
B08301,60398.991529815001
B08303,60398.991860412003
B08304,60398.991862194998
B08305,60398.991926941002
B08306,60398.992013805000
B08307,60398.992329294997
B08308,60398.992359415999
B08309,60398.992711731997
B08310,60398.992754664003
B08311,60398.992783782996
B08312,60398.992867367000
B08313,60398.992944152000
B08314,60398.992982017997
B08315,60398.992984270000
B08318,60398.993025199998
B08319,60398.993121362997
B08320,60398.993184416999
B08321,60398.993273054999
B08323,60398.993420762999
B08324,60398.993650354001
B08325,60398.993839189003
B08327,60398.993891851998
B08328,60398.993948782001
B08329,60398.994062525002
B08330,60398.994159686998
B08331,60398.994271871998
B08332,60398.994380787000
B08334,60398.994511199002
B08335,60398.994626441003
B08336,60398.994686450002
B08337,60398.994717595000
B08338,60398.994850638999
B08339,60398.995022620998
B08340,60398.995089985998
B08341,60398.995150287999
B08342,60398.995249189997
B08343,60398.995432356001
B08344,60398.995766683998
B08347,60398.996007139998
B08348,60398.996013837997
B08349,60398.996060527999
B08350,60398.996082311998
B08351,60398.996143126002
B08352,60398.996294340999
B08353,60398.996343862003
B08354,60398.996432533000
B08357,60398.996442648997
B08358,60398.996444506003
B08359,60398.996481264003
B08360,60398.996544462003
B08361,60398.996576703001
B08362,60398.996618295001
B08363,60398.996645712999
B08365,60398.996694829999
B08366,60398.996799867004
B08367,60398.996903485000
B08368,60398.997066809003
B08369,60398.997128312003
B08371,60398.997156265999
B08372,60398.997511403002
B08373,60398.997556535003
B08374,60398.997606247998
B08375,60398.997781243997
B08376,60398.997891703999
B08377,60398.997956799001
B08378,60398.997973227997
B08379,60398.998136078997
B08380,60398.998354449999
B08381,60398.998473774998
B08382,60398.998719463001
B08383,60398.998745290999
B08384,60398.998846390998
B08385,60398.998859200001
B08388,60398.999031009000
B08389,60398.999060793001
B08390,60398.999227624001
B08391,60398.999281712997
B08392,60398.999313562999
B08393,60398.999327341997
B08395,60398.999370498001
B08396,60398.999560338001
B08398,60398.999607865000
B08399,60398.999619094000
B08400,60398.999649619996
B08401,60401.064691307001
B08402,60401.064897575998
B08403,60401.064903664002
B08404,60401.065012179002
B08405,60401.065035191001
B08406,60401.065265557001
B08407,60401.065368078001
B08408,60401.065447517998
B08409,60401.065468897999
B08411,60401.065561736999
B08412,60401.065674122998
B08413,60401.065723950996
B08415,60401.065757548997
B08416,60401.065834813999
B08417,60401.065836472000
B08418,60401.065865192999
B08419,60401.065881809998
B08420,60401.065923978000
B08421,60401.065964189998
B08422,60401.066180485002
B08423,60401.066273167999
B08424,60401.066277625003
B08425,60401.066373750997
B08431,60401.066382277997
B08432,60401.066531236997
B08433,60401.066802581998
B08434,60401.067038296002
B08435,60401.067378234002
B08437,60401.067415204998
B08438,60401.067439822997
B08439,60401.067511506997
B08440,60401.067792210000
B08441,60401.067797609998
B08442,60401.067900732000
B08444,60401.067930595003
B08445,60401.067983845001
B08446,60401.068032497999
B08447,60401.068275311998
B08448,60401.068344920997
B08449,60401.068373290997
B08450,60401.068699342999
B08451,60401.068788450997
B08452,60401.068846937997
B08454,60401.069099808003
B08455,60401.069355890002
B08456,60401.069450914001
B08457,60401.069676596999
B08458,60401.069744330001
B08464,60401.069772764997
B08465,60401.069791239002
B08466,60401.069849143001
B08467,60401.070226999000
B08468,60401.070410195003
B08469,60401.070453920001
B08470,60401.070553475998
B08471,60401.071058390997
B08472,60401.071116387997
B08473,60401.071249360000
B08475,60401.071388051001
B08477,60401.071390154997
B08478,60401.071445431997
B08479,60401.071656147004
B08480,60401.071697222003
B08481,60401.071737926999
B08483,60401.071785902997
B08484,60401.071873859997
B08485,60401.071948099998
B08486,60401.072173654997
B08487,60401.072258690998
B08488,60401.072419572003
B08489,60401.072618254002
B08490,60401.072837733998
B08491,60401.072984108003
B08492,60401.073000926001
B08493,60401.073150668002
B08494,60401.073388509998
B08495,60401.073527314999
B08496,60401.073696052001
B08497,60401.073747822003
B08498,60401.073999312001
B08499,60401.074051267002
B08500,60401.074084881999
B08502,60401.074099994999
B08504,60401.074101694001
B08506,60401.074357967998
B08510,60401.074473703004
B08511,60401.074616304999
B08512,60401.074629704999
B08513,60401.074672952003
B08514,60401.074681313999
B08515,60401.074777069000
B08516,60401.074785343997
B08518,60401.074800076000
B08520,60401.074909795003
B08522,60401.075377565998
B08523,60401.075437084997
B08524,60401.075512490002
B08525,60401.075730771998
B08526,60401.075737726998
B08527,60401.076049324001
B08528,60401.076070839001
B08529,60401.076098170997
B08530,60401.076142229998
B08531,60401.076313926998
B08532,60401.076380633996
B08533,60401.076600387998
B08534,60401.076654917000
B08536,60401.076697671000
B08537,60401.076870951001
B08538,60401.076960906998
B08539,60401.077100052004
B08540,60401.077129035002
B08541,60401.077244715998
B08543,60401.077248444999
B08545,60401.077308890002
B08546,60401.077356094000
B08547,60401.077402305003
B08548,60401.077435090003
B08550,60401.077630797998
B08551,60401.077657579001
B08552,60401.077908883002
B08554,60401.078073612996
B08555,60401.078094604003
B08556,60401.078102081003
B08557,60401.078376022997
B08559,60401.078377452002
B08560,60401.078446273998
B08561,60401.078464088001
B08563,60401.078664100001
B08564,60401.078776388000
B08567,60401.078791638000
B08568,60401.078919416002
B08569,60401.079137394001
B08570,60401.079170666999
B08571,60401.079250978997
B08572,60401.079274221003
B08576,60401.079352364999
B08577,60401.079541179999
B08579,60401.079766581999
B08580,60401.079790684002
B08582,60401.079824913002
B08583,60401.079879247998
B08584,60401.080058257001
B08585,60401.080091787997
B08586,60401.080175285999
B08587,60401.080180258003
B08588,60401.080674666999
B08590,60401.080729426998
B08593,60401.080769385000
B08599,60401.080823322001
B08600,60401.080861123002
B08601,60401.080956983998
B08605,60401.080974347002
B08609,60401.081078748997
B08611,60401.081130610997
B08612,60401.081266367997
B08613,60401.081442160998
B08623,60401.081481911999
B08626,60401.081509898999
B08627,60401.081534768004
B08628,60401.081578596997
B08629,60401.081612401002
B08630,60401.081794370002
B08633,60401.082081309003
B08635,60401.082289060003
B08636,60401.082329625999
B08637,60401.082605602998
B08639,60401.082713538002
B08641,60401.082755292002
B08642,60401.082904406998
B08643,60401.083221260000
B08644,60401.083410865998
B08645,60401.083430412000
B08646,60401.083483848000
B08647,60401.083556853002
B08648,60401.083643692000
B08649,60401.083711747997
B08650,60401.083840655003
B08651,60401.083951002998
B08652,60401.084191196001
B08653,60401.084200243997
B08656,60401.084371614001
B08660,60401.084475705997
B08661,60401.084666903997
B08662,60403.044606814998
B08663,60403.044974516997
B08665,60403.045707523001
B08668,60403.045900817000
B08669,60403.045923924998
B08670,60403.045926159997
B08671,60403.046486535000
B08672,60403.046951550001
B08673,60403.047322038001
B08674,60403.047600953003
B08675,60403.047609665999
B08676,60403.048099993001
B08677,60403.048294485998
B08678,60403.048409322000
B08680,60403.048906728000
B08681,60403.048910224999
B08682,60403.049191817001
B08683,60403.049203834002
B08684,60403.049370699999
B08685,60403.049817792999
B08686,60403.050282716002
B08688,60403.050765499996
B08689,60403.050767637003
B08691,60403.050828204003
B08696,60403.050882133000
B08698,60403.051041543004
B08699,60403.051217061002
B08700,60403.051416727998
B08702,60403.051584346998
B08703,60403.051687361003
B08704,60403.051763625001
B08705,60403.051792145001
B08706,60403.051827443000
B08707,60403.051828821997
B08708,60403.051838886997
B08709,60403.051997691997
B08710,60403.052094341001
B08711,60403.052316822999
B08712,60403.052486731998
B08713,60403.052618986003
B08714,60403.052730146002
B08715,60403.052877629998
B08716,60403.053290999000
B08717,60403.053441499003
B08718,60403.053650110000
B08722,60403.053666622000
B08726,60403.053669617999
B08728,60403.053868800998
B08729,60403.053938853998
B08730,60403.054449260002
B08731,60403.054518662000
B08736,60403.054688001001
B08737,60403.054892480999
B08738,60403.055008169998
B08739,60403.055051830001
B08746,60403.055310873999
B08747,60403.055630912000
B08750,60403.055656568002
B08751,60403.055845117997
B08752,60403.055957577999
B08753,60403.056120898000
B08754,60403.056172288998
B08756,60403.056511563002
B08757,60403.056850891000
B08758,60403.056937601003
B08759,60403.057207954000
B08760,60403.057328069997
B08761,60403.057716358999
B08762,60403.057891085002
B08763,60403.058040666001
B08764,60403.058626038001
B08765,60403.058683527001
B08766,60403.058732571000
B08768,60403.058734580998
B08769,60403.058985541997
B08772,60403.059044599002
B08776,60403.059156349002
B08777,60403.059714483999
B08778,60403.059918890998
B08780,60403.060065999001
B08781,60403.060800858002
B08782,60403.061045478004
B08783,60403.061354297999
B08784,60403.061457616001
B08785,60403.062326204999
B08787,60403.062350104999
B08791,60403.062664457000
B08792,60403.063135559001
B08795,60403.063381617998
B08796,60403.063786919003
B08797,60403.063888060999
B08798,60403.064233231002
B08799,60403.064243628003
B08800,60403.064281571002
B08801,60403.064445231001
B08802,60403.064600762002
B08803,60407.090662870003
B08804,60407.091285101000
B08805,60407.091791594998
B08806,60407.091871725002
B08807,60407.092495559002
B08808,60407.092972464001
B08809,60407.094988104996
B08810,60407.095707052002
B08811,60407.095709619003
B08812,60407.096298447999
B08813,60407.096692920997
B08814,60407.097619899003
B08815,60407.098324694001
B08817,60407.098429764003
B08818,60407.098599700003
B08819,60407.098928373001
B08821,60407.099112511998
B08822,60407.101270179002
B08823,60407.101361916000
B08824,60407.102021359999
B08825,60407.102089966997
B08827,60407.102199679997
B08828,60407.102797908003
B08829,60407.103548143001
B08830,60407.103618046000
B08831,60407.103780470999
B08832,60407.104911009003
B08833,60407.104925949003
B08835,60407.105525833002
B08836,60407.106144653997
B08837,60407.106296307997
B08838,60407.106694864000
B08840,60407.107090090998
B08841,60407.107670518999
B08842,60407.108813362996
B08843,60407.108889178999
B08845,60410.021127576998
B08847,60410.022897821000
B08848,60410.023342811000
B08849,60410.024739576002
B08850,60410.028391237000
B08851,60410.028487367003
B08853,60410.029696810001
B08854,60410.029778269003
B08855,60410.030335156000
B08856,60410.030523064997
B08857,60410.033146793998
B08858,60410.033399148000
B08861,60410.034431054002
B08863,60410.034804019000
B08865,60410.034904009997
B08872,60410.034967742002
B08874,60410.035072131002
B08875,60410.035195928001
B08876,60410.036144427999
B08877,60410.037673482002
B08878,60410.038653921001
B08879,60413.022720481997
B08880,60413.023338564999
B08881,60413.024453644000
B08882,60413.025432399998
B08883,60413.025433618001
B08884,60413.026121969000
B08885,60413.027142614003
B08886,60413.027145742002
B08887,60413.027738447003
B08888,60413.027817761002
B08889,60413.028022471000
B08890,60413.028154421998
B08891,60413.029695762001
B08892,60413.030640773002
B08893,60413.031733816999
B08894,60413.031916196996
B08895,60413.032090198998
B08896,60413.032178431997
B08897,60413.032814245002
B08898,60413.034078309000
B08899,60413.034097805001
B08900,60413.034750334999
B08901,60413.035023044002
B08905,60413.035083654999
B08906,60413.035331220002
B08908,60413.035735746002
B08909,60413.036588568000
B08910,60413.036683849001
B08911,60413.036784053998
B08912,60413.036916099998
B08913,60413.037186971997
B08914,60413.037785881999
B08916,60413.038500262002
B08918,60413.038838460998
B08919,60413.040347790004
B08920,60413.041350079002
B08922,60413.041680467002
B08923,60417.077624345999
B08924,60417.078318574000
B08925,60417.078523174001
B08928,60417.079937920003
B08929,60417.081104883997
B08930,60417.081757788997
B08931,60417.082265302000
B08932,60417.083208347001
B08933,60417.083582468003
B08934,60417.084850093997
B08935,60417.084980967004
B08936,60417.084985349000
B08937,60417.085443595002
B08938,60417.086051441998
B08939,60417.086878545997
B08940,60417.086971543002
B08941,60417.087163540004
B08942,60417.087971389003
B08944,60417.088504150001
B08945,60417.088582830998
B08946,60417.089559056003
B08947,60417.089561250003
B08949,60417.089591137999
B08951,60417.090104764000
B08958,60417.091447530998
B08959,60417.091688594999
B08960,60417.092932086001
B08962,60417.094997592998
B08963,60417.096122800001
B08965,60417.097376184000
B08966,60417.097561110000
B08967,60417.097616113999
B08968,60421.008531450003
B08970,60421.009085313999
B08972,60421.009280576000
B08973,60421.009330727000
B08974,60421.009744043004
B08975,60421.010294360000
B08977,60421.010362929999
B08978,60421.010496848001
B08979,60421.010500607001
B08980,60421.011058748001
B08981,60421.012409830000
B08982,60421.012763742998
B08983,60421.013632487004
B08984,60421.015499665999
B08985,60421.016595146997
B08988,60421.017816426000
B08989,60421.017906984001
B08991,60421.019180240997
B08992,60421.019475724999
B08993,60421.019849844997
B08995,60421.019920022001
B08996,60421.020740918000
B08997,60421.020905981000
B08998,60421.021033384997
B08999,60421.021173193003
B09000,60421.021235009997
B09003,60421.021578343003
B09004,60421.021792086998
B09006,60421.021994082002
B09007,60421.022108090001
B09008,60421.022177567000
B09009,60421.022495418001
B09010,60421.022514737000
B09011,60421.022928814004
B09012,60421.022952936000
B09013,60421.023294969003
B09014,60421.023296817002
B09015,60421.023503001998
B09016,60421.023585208000
B09018,60421.023645670000
B09019,60421.023671142997
B09020,60421.023701257000
B09021,60421.023906114999
B09023,60421.023954074997
B09024,60421.024323573998
B09026,60421.024891472996
B09029,60421.025465788000
B09030,60421.025763466998
B09031,60421.026041525001
B09032,60421.026483474998
B09033,60421.027132757998
B09034,60421.027858652000
B09035,60421.027934671998
B09036,60421.028100905998
B09037,60421.028105671001
B09038,60421.028131787003
B09039,60421.028398210001
B09040,60424.983171920001
B09041,60424.983394641000
B09042,60424.983400320001
B09043,60424.983452909997
B09046,60424.983837177002
B09047,60424.984051430001
B09048,60424.984071100000
B09049,60424.984251454000
B09050,60424.984714856997
B09052,60424.984823489001
B09053,60424.984918978997
B09055,60424.985526495999
B09056,60424.985678721998
B09057,60424.985840355002
B09059,60424.986281890000
B09060,60424.987225858997
B09061,60424.987540627997
B09062,60424.987990406000
B09066,60424.988523305001
B09067,60424.988643080003
B09068,60424.989607746000
B09069,60424.989729514004
B09070,60424.989807680002
B09073,60424.989986537003
B09074,60424.989988490001
B09075,60424.990148447003
B09076,60424.990342439000
B09077,60424.990559309997
B09079,60424.990794758000
B09081,60424.991003599003
B09082,60424.991428681002
B09083,60424.991492822999
B09084,60424.991695596000
B09085,60424.991980018000
B09087,60424.992309818001
B09089,60424.992327041997
B09091,60424.993318854999
B09093,60424.993889794001
B09094,60424.994170897000
B09095,60424.994281394997
B09096,60424.994491659003
B09097,60424.994815651997
B09098,60424.995563008000
B09099,60424.995720368999
B09102,60424.996162319003
B09105,60424.996619840997
B09106,60424.996778300003
B09107,60424.997062137001
B09108,60424.997422670996
B09109,60424.997765387998
B09110,60424.997778395002
B09111,60424.997781006001
B09112,60424.997841846998
B09114,60424.997952896003
B09117,60424.998167240003
B09118,60424.998189464997
B09119,60424.998227324999
B09120,60424.998240112000
B09122,60424.998536813997
B09124,60424.998667218002
B09125,60424.999251674999
B09126,60424.999465540001
B09127,60424.999467201000
B09130,60425.000178182003
B09131,60425.000222939001
B09132,60425.000689047003
B09133,60425.000820904002
B09134,60425.000823948001
B09135,60425.000986075996
B09136,60425.001123770002
B09137,60425.001528421999
B09138,60425.001760419000
B09141,60425.001881231001
B09142,60425.001883083998
B09143,60425.001902281998
B09145,60425.002612244003
B09146,60425.002685687003
B09148,60425.002755150999
B09149,60425.003137223001
B09150,60430.029560174000
B09151,60430.029578779002
B09152,60430.029636689003
B09153,60430.030122470002
B09154,60430.030241683002
B09155,60430.030247322000
B09156,60430.030290192997
B09157,60430.030338270000
B09158,60430.030339543999
B09159,60430.030505169998
B09160,60430.030930300003
B09161,60430.031221769001
B09162,60430.031276237001
B09163,60430.031306798002
B09164,60430.031310065002
B09165,60430.031318292997
B09166,60430.031430465999
B09167,60430.031566356003
B09168,60430.031899811998
B09169,60430.031994593999
B09171,60430.032221765003
B09172,60430.032223148999
B09173,60430.032254452999
B09174,60430.032458077003
B09176,60430.032512625003
B09177,60430.032529702999
B09179,60430.032560762003
B09180,60430.032762600000
B09181,60430.032780226997
B09182,60430.033312109001
B09183,60430.033523575999
B09184,60430.034033581003
B09185,60430.034192314997
B09186,60430.034369927998
B09187,60430.034429132997
B09188,60430.034951535999
B09189,60430.035481122999
B09190,60430.035718452003
B09191,60430.035900199000
B09192,60430.036301811000
B09193,60430.036777750996
B09194,60430.037158902000
B09195,60430.037171616998
B09196,60430.037224337000
B09197,60430.037560452001
B09198,60430.037915695997
B09202,60430.037972724000
B09204,60430.038288623997
B09205,60430.038298685002
B09206,60430.038300970999
B09207,60430.038465265003
B09208,60430.038531069004
B09209,60430.038739497002
B09211,60430.038767152000
B09214,60430.038871383003
B09217,60430.039132755002
B09219,60430.039228267997
B09220,60430.039274256997
B09221,60430.039767784998
B09222,60430.039886862003
B09224,60430.040135734002
B09226,60430.040239053997
B09227,60430.040695944001
B09228,60430.041954945998
B09229,60430.042069329000
B09230,60430.042145988999
B09231,60430.042197103998
B09232,60430.042230325002
B09233,60430.042248553997
B09234,60430.042353643003
B09235,60430.042558155998
B09237,60430.042574676001
B09238,60430.042639804000
B09240,60430.042643036999
B09242,60430.042651755997
B09243,60430.042700001999
B09244,60430.042823155003
B09245,60430.043325339000
B09246,60430.043907341998
B09247,60430.043911537003
B09248,60430.043950926003
B09250,60430.043963896002
B09251,60430.043968020997
B09252,60430.044497092000
B09253,60430.044498306997
B09254,60430.044545876997
B09255,60430.044872298000
B09256,60430.045235897996
B09257,60430.045265604997
B09258,60430.045367940002
B09260,60430.045740948997
B09261,60430.046027142002
B09262,60430.046272558000
B09264,60430.046421993997
B09265,60430.046630673001
B09266,60430.046668288996
B09267,60430.046742311999
B09268,60430.046850052997
B09269,60430.047019343998
B09270,60430.047213190002
B09271,60430.047314515999
B09272,60430.047476350999
B09273,60430.047710074003
B09274,60430.047724741002
B09275,60430.047779079003
B09276,60430.048025538999
B09278,60430.048493249000
B09279,60430.048718739003
B09280,60430.048780882003
B09281,60430.049207810000
B09282,60430.049271962002
B09283,60434.957785284001
B09284,60434.958044362000
B09285,60434.958213602004
B09286,60434.958228675998
B09287,60434.958380466996
B09288,60434.958669000000
B09289,60434.958843378001
B09290,60434.959205125000
B09291,60434.959900255999
B09292,60434.960009971001
B09293,60434.960230609999
B09294,60434.960397372997
B09295,60434.960456305002
B09296,60434.960495945998
B09297,60434.960786246003
B09298,60434.960890485003
B09300,60434.960892317999
B09301,60434.960942325000
B09304,60434.961212554001
B09305,60434.961375726001
B09306,60434.961965497998
B09307,60434.962242882997
B09308,60434.962359743004
B09309,60434.962797879998
B09310,60434.962869595998
B09311,60434.963057624998
B09312,60434.963614471002
B09313,60434.963925550997
B09314,60434.963970700999
B09315,60434.964141477001
B09316,60434.964671964000
B09317,60434.965305687998
B09318,60434.965324172001
B09319,60434.965543183003
B09320,60434.965846138999
B09321,60434.966538743000
B09322,60434.966597728002
B09324,60434.966818854002
B09325,60434.966968358996
B09326,60434.967019139003
B09328,60434.967410441997
B09329,60434.967861377998
B09330,60434.968065492998
B09332,60434.968998270000
B09333,60434.969289519999
B09334,60434.969334287001
B09335,60434.969532315001
B09336,60434.969675282999
B09337,60434.969738309002
B09338,60434.969857165997
B09339,60434.969882072997
B09340,60434.969894364003
B09341,60434.970759914999
B09342,60434.971077604001
B09343,60434.971481551998
B09344,60434.971828925001
B09345,60434.972130711998
B09346,60434.972273015999
B09347,60434.972675249002
B09349,60434.972712044000
B09350,60434.972714470001
B09351,60434.972915728998
B09352,60434.973206461000
B09353,60434.973349418004
B09354,60434.973724402997
B09355,60434.973986577999
B09356,60434.974151731003
B09357,60434.974807213002
B09358,60434.975096921997
B09362,60434.975253668003
B09363,60434.975482160000
B09364,60434.975593878000
B09365,60434.976619972003
B09366,60434.976721323001
B09367,60434.976861367002
B09368,60434.977038716002
B09369,60434.977425268997
B09370,60434.977550764001
B09371,60434.977662814003
B09372,60441.890269190997
B09373,60441.890616188000
B09375,60441.890639022000
B09376,60441.890910756003
B09378,60441.891598574002
B09379,60441.891668165998
B09380,60441.891783234998
B09381,60441.892211874998
B09383,60441.892214895997
B09384,60441.892256480001
B09385,60441.892314509998
B09386,60441.892317698999
B09387,60441.892332978001
B09389,60441.892580801999
B09390,60441.892592242002
B09391,60441.893139945001
B09392,60441.893864398997
B09393,60441.894146986997
B09394,60441.894237713997
B09397,60441.894499025999
B09398,60441.894920662999
B09400,60441.894957033997
B09401,60441.895053845998
B09402,60441.895465298003
B09403,60441.895524467000
B09404,60441.896065244000
B09405,60441.896126287997
B09406,60441.896479718002
B09407,60441.896668330002
B09408,60441.896767466002
B09410,60441.896774777997
B09412,60441.896836863001
B09413,60441.897229408001
B09414,60441.897696396001
B09415,60441.897839242003
B09416,60441.898129693000
B09417,60441.898438937002
B09418,60441.899027519998
B09419,60441.899429425997
B09420,60441.899516664002
B09421,60441.899739410997
B09423,60441.899856112002
B09424,60441.900696543002
B09425,60441.900865825002
B09426,60441.901049075001
B09427,60441.901092918997
B09428,60441.901551853000
B09429,60441.902305775002
B09430,60441.902830150997
B09431,60441.903142443000
B09432,60441.903168894001
B09433,60441.903452585000
B09436,60441.903510570002
B09437,60441.903610690002
B09438,60441.904066149997
B09439,60441.904105488997
B09440,60441.904339148998
B09441,60441.904546605998
B09442,60441.904613338003
B09443,60441.904656637998
B09444,60441.904776094001
B09445,60441.904966647999
B09446,60441.905029727997
B09447,60441.905260631000
B09448,60441.905539386004
B09449,60441.905604940999
B09452,60441.905624881998
B09453,60441.905806529998
B09454,60441.906006108999
B09455,60441.906223646001
B09456,60441.906743924003
B09457,60441.906776010997
B09458,60441.906976120001
B09459,60441.907008078997
B09460,60441.907133054003
B09461,60441.907134540998
B09462,60441.907173123996
B09463,60441.907835541002
B09464,60441.908038561996
B09465,60441.909211165999
B09466,60441.909229502999
B09467,60441.909590151998
B09468,60441.909591720003
B09469,60441.909689514003
B09470,60441.909743326003
B09471,60441.909980003998
B09472,60441.910074462001
B09473,60441.910143854999
B09474,60448.899904323996
B09475,60448.899915629998
B09477,60448.900899417997
B09478,60448.901029858003
B09481,60448.901425876997
B09483,60448.902304946998
B09485,60448.902338847998
B09486,60448.902631760997
B09487,60448.903715719003
B09488,60448.903757530999
B09489,60448.904222744000
B09491,60448.904885837001
B09492,60448.905082657002
B09493,60448.905747450997
B09495,60448.906170098002
B09496,60448.906343306997
B09497,60448.906538927004
B09498,60448.907195879001
B09499,60448.908165781999
B09501,60448.909619179998
B09502,60448.909934310999
B09503,60448.909947378001
B09504,60448.910221903003
B09505,60448.910729973999
B09506,60455.917048135001
B09507,60455.917723926003
B09508,60455.918057360999
B09509,60455.919140844002
B09510,60455.919800117998
B09512,60455.919877981003
B09513,60455.920280863000
B09514,60455.920406204001
B09515,60455.921017822999
B09518,60455.921151827999
B09519,60455.921898977998
B09520,60455.922677358001
B09521,60455.923178181998
B09522,60455.923516007002
B09523,60455.923701412998
B09524,60455.923723480999
B09528,60455.924034208998
B09529,60455.924413337998
B09530,60455.925088994998
B09534,60455.926928922003
B09535,60455.926961245998
B09536,60455.927217422999
B09537,60455.927589888001
B09538,60455.928067776003
B09541,60455.928666703003
B09543,60461.953609283002
B09544,60461.954117082001
B09545,60461.954659531999
B09546,60461.956402041003
B09549,60461.956989849998
B09550,60461.957103895002
B09551,60461.959369707998
B09552,60461.960420023999
B09553,60461.964644583997
B09554,60469.831735717999
B09555,60469.832215966002
B09556,60469.832776823998
B09557,60469.833028287001
B09558,60469.833174380001
B09559,60469.833290903996
B09560,60469.833626883003
B09561,60469.834196998003
B09562,60469.834377755004
B09563,60469.834460890997
B09564,60469.835028506997
B09566,60469.835294809003
B09567,60469.835299710001
B09569,60469.835433637003
B09570,60469.835475298998
B09571,60469.835519302003
B09572,60469.836197420998
B09573,60469.836251289998
B09574,60469.836859108997
B09575,60469.837260619999
B09576,60469.837634103998
B09577,60469.838295171998
B09578,60469.838524487997
B09579,60469.838902363997
B09580,60469.839037536003
B09581,60469.839113037997
B09582,60469.839206352997
B09583,60469.839576503000
B09584,60469.840098537003
B09585,60469.840323548997
B09587,60469.840633396998
B09588,60469.840718482999
B09589,60469.840744845998
B09590,60469.840749422001
B09591,60469.840970623998
B09592,60469.841314691999
B09593,60469.841789719001
B09594,60469.842099829002
B09595,60469.842247175002
B09596,60469.842330166000
B09597,60469.842533533003
B09598,60469.843668337002
B09599,60469.844214960001
B09600,60469.844540796999
B09601,60469.844614864000
B09602,60469.844625389000
B09603,60476.885011140999
B09604,60476.885263980002
B09605,60476.885306172000
B09606,60476.886195108003
B09607,60476.886232110999
B09608,60476.887877080000
B09609,60476.887975981001
B09610,60476.888010914001
B09612,60476.888894958996
B09615,60476.890139208001
B09617,60476.890234389000
B09619,60476.890272568002
B09620,60476.890383220998
B09621,60476.890562022003
B09622,60476.890840653003
B09623,60476.891403205002
B09624,60476.891590387000
B09625,60476.892456421003
B09626,60476.892724088000
B09628,60476.892874202997
B09629,60476.893205672000
B09630,60476.893594756002
B09631,60476.894077375997
B09634,60483.887324691001
B09635,60483.887617779001
B09637,60483.887623559996
B09639,60483.887626404998
B09640,60483.888315465003
B09641,60483.889368140997
B09642,60483.889467535999
B09643,60483.890223666996
B09644,60483.890822136003
B09645,60483.891235016999
B09646,60483.891951218000
B09648,60483.892357318000
B09649,60483.892684216000
B09650,60483.893275996001
B09651,60483.893927031997
B09652,60483.893937341003
B09653,60483.894653691001
B09656,60483.894964437997
B09657,60483.895813841998
B09658,60483.896081031002
B09659,60483.896093504998
B09660,60483.896131982998
B09661,60483.896810639002
B09662,60483.898190462001
B09663,60483.898665341003
B09665,60483.898904542999
B09668,60483.899102563002
B09669,60483.899208520001
B09670,60483.899397833004
B09671,60483.899664129996
B09672,60490.868377156003
B09673,60490.868513540001
B09674,60490.868515114002
B09675,60490.868994452998
B09676,60490.869159146998
B09677,60490.869666318002
B09678,60490.869748837002
B09679,60490.869925400999
B09680,60490.870328325000
B09681,60490.870373766003
B09682,60490.871248005002
B09683,60490.872025306999
B09684,60490.872648998004
B09685,60490.873709829000
B09689,60490.873712341003
B09692,60490.874860698001
B09693,60490.874890341998
B09694,60490.875573126999
B09695,60490.876422326000
B09696,60490.876514331001
B09698,60490.876550383997
B09700,60490.876762036998
B09701,60490.877036637998
B09702,60490.877172745997
B09703,60490.877320273998
B09705,60490.877510685001
B09706,60490.877517497996
B09707,60490.877807413999
B09708,60490.878209139002
B09709,60490.878881190001
B09710,60490.879058207000
B09711,60490.879156914998
B09712,60490.879618231003
B09714,60490.880308514003
B09715,60490.880432297003
B09716,60490.880590950997
B09717,60490.880685121003
B09718,60497.864457702999
B09719,60497.864569728001
B09720,60497.865100952004
B09721,60497.865515840997
B09722,60497.865518038998
B09723,60497.866725639004
B09724,60497.867817275001
B09725,60497.868049646997
B09726,60497.868284677003
B09727,60497.868342057001
B09728,60497.868412035998
B09729,60497.868619326997
B09730,60497.868721362000
B09731,60497.870036189001
B09732,60497.870845072001
B09733,60497.870960095002
B09734,60497.871705151003
B09735,60497.871919083002
B09736,60497.872262418001
B09737,60497.872701815002
B09738,60497.872863719997
B09739,60497.873102012003
B09742,60497.873104765997
B09743,60497.873207935998
B09744,60497.873674850998
B09745,60497.874002582997
B09746,60497.874090477999
B09747,60497.874099303997
B09748,60497.874693621998
B09749,60497.875291905999
B09750,60497.875357505996
B09751,60497.875542053000
B09753,60497.876072168998
B09754,60497.876118854001
B09755,60497.876293116002
B09756,60497.876338702001
B09757,60497.876619376002
B09758,60497.876835326002
B09759,60497.877375757998
B09760,60504.767714463000
B09762,60504.767717640003
B09763,60504.767721039003
B09765,60504.767750020997
B09766,60504.767858653999
B09768,60504.768007715000
B09769,60504.768028881001
B09770,60504.768099920999
B09771,60504.768132400000
B09772,60504.768385657997
B09773,60504.768434673002
B09774,60504.768436626000
B09775,60504.768714102996
B09776,60504.768837964002
B09777,60504.769234455998
B09778,60504.769288987998
B09779,60504.769410485002
B09780,60504.769594211000
B09781,60504.769595541999
B09782,60504.769658208999
B09783,60504.769704027000
B09785,60504.769811842001
B09786,60504.769888861003
B09787,60504.769979607001
B09788,60504.770046224003
B09789,60504.770195263001
B09790,60504.770257395001
B09791,60504.770493985998
B09792,60504.770910307998
B09793,60504.770955883003
B09794,60504.771326529997
B09796,60504.771584460999
B09797,60504.771665961998
B09799,60504.771809448001
B09800,60504.771829331999
B09802,60504.771936732002
B09804,60504.772139672001
B09805,60504.772914157998
B09806,60504.773019323999
B09807,60504.773102758001
B09808,60504.773140568999
B09809,60504.773176349001
B09810,60504.773207065002
B09811,60504.773233360997
B09812,60504.773317277999
B09813,60504.773351675998
B09814,60504.773364907996
B09815,60504.773389451999
B09818,60504.773520035997
B09819,60504.773600988003
B09820,60504.773690212998
B09821,60504.773768211999
B09822,60504.774157658001
B09824,60504.774305346997
B09825,60504.774446360003
B09826,60504.774538926999
B09827,60504.774700501002
B09828,60504.774839129997
B09829,60504.775063547000
B09831,60504.775209801002
B09832,60504.775252861997
B09835,60504.775255777997
B09836,60504.775419266000
B09837,60504.775476634000
B09839,60504.775616548999
B09840,60504.775689902002
B09841,60504.775821098003
B09844,60504.775834574000
B09845,60504.776035529001
B09846,60504.776044753002
B09847,60504.776046758001
B09848,60504.776286558998
B09849,60504.776383320997
B09850,60504.776422028001
B09851,60504.776479605003
B09852,60504.777275850996
B09853,60504.777345376999
B09854,60504.777487421001
B09855,60504.777512580004
B09856,60504.777559203001
B09857,60504.777693213000
B09858,60504.778218917003
B09859,60504.778325517997
B09861,60504.778578368001
B09862,60504.778628241998
B09863,60504.778656613002
B09864,60504.778839282000
B09865,60504.778985839999
B09866,60504.779229827000
B09867,60504.779523942001
B09868,60504.779591701001
B09869,60504.779606299002
B09870,60504.779648541000
B09871,60504.779712843003
B09872,60504.779727829002
B09873,60504.779742496998
B09874,60504.779916590996
B09875,60504.780073205999
B09876,60504.780516646999
B09877,60511.691489896002
B09878,60511.691638058997
B09879,60511.691884393003
B09881,60511.692154700999
B09882,60511.692496812997
B09884,60511.692663952002
B09885,60511.692712149001
B09886,60511.692726895002
B09887,60511.692735675002
B09888,60511.692877848000
B09889,60511.693227508003
B09892,60511.693275365004
B09893,60511.693358441997
B09894,60511.693480934002
B09895,60511.693904368003
B09896,60511.694120202003
B09897,60511.694450367999
B09898,60511.694493201001
B09899,60511.694543837002
B09900,60511.694650256999
B09901,60511.694891473999
B09902,60511.694900756003
B09903,60511.694989664000
B09904,60511.695150220999
B09905,60511.695157909999
B09906,60511.695531026999
B09907,60511.696067393001
B09908,60511.696085944001
B09909,60511.696256046998
B09910,60511.696322876000
B09911,60511.696413275000
B09912,60511.696896168003
B09913,60511.697017202001
B09914,60511.697021011001
B09915,60511.697248320997
B09916,60511.697294769001
B09917,60511.697312479002
B09918,60511.697319642000
B09919,60511.697428320003
B09920,60511.697570277996
B09921,60511.697860303997
B09922,60511.698025511003
B09923,60511.698029681997
B09924,60511.698105887997
B09926,60511.698388712997
B09927,60511.698459958003
B09928,60511.698921559997
B09930,60511.698983547001
B09931,60511.699070693001
B09932,60511.699117671997
B09934,60511.699161384997
B09935,60511.699310648997
B09936,60511.699594664002
B09937,60511.699616992999
B09938,60511.699820891998
B09939,60511.699969959001
B09940,60511.700153020000
B09941,60511.700189882002
B09942,60511.700374508000
B09943,60511.700474602003
B09944,60511.700568555003
B09945,60511.700601940996
B09946,60511.700895652997
B09947,60511.701041715001
B09948,60511.701111827002
B09949,60511.701166742001
B09950,60511.701329796000
B09951,60511.701338478000
B09952,60511.701474264999
B09954,60511.701499520997
B09955,60511.701662519998
B09957,60511.701748920001
B09958,60511.701789828003
B09959,60511.701886877003
B09960,60511.702262042003
B09961,60511.702666858997
B09962,60511.702671421001
B09963,60511.702674977998
B09965,60511.703068379997
B09967,60511.703757066003
B09969,60511.703937942002
B09970,60511.704022801001
B09971,60511.704027122003
B09972,60511.704040584998
B09973,60511.704139086003
B09975,60511.704229335999
B09976,60511.704341725999
B09977,60513.808292374997
B09978,60513.808481827000
B09979,60513.808552773997
B09980,60513.808644734003
B09983,60513.808707488999
B09984,60513.808710452002
B09985,60513.808727408003
B09986,60513.809199525000
B09987,60513.809380209997
B09988,60513.809720284997
B09989,60513.809844299998
B09990,60513.810118711001
B09991,60513.810122702998
B09992,60513.810150493002
B09993,60513.810661534997
B09994,60513.810875041003
B09995,60513.811105296001
B09996,60513.811225431004
B10000,60513.811259529000
B10001,60513.811260695998
B10002,60513.811432829003
B10003,60513.811851758001
B10004,60513.811856692002
B10005,60513.812148108998
B10006,60513.812177483996
B10007,60513.812815538004
B10009,60513.813101731997
B10012,60513.813159031997
B10013,60513.813296396998
B10014,60513.813325798998
B10015,60513.814042174999
B10016,60513.814135385997
B10017,60513.814261749001
B10018,60513.814333125003
B10019,60513.814366223000
B10020,60513.814395285997
B10022,60513.814622204998
B10024,60513.814902491002
B10025,60513.814994845998
B10026,60513.815164756001
B10027,60513.815279071001
B10028,60513.815987618000
B10029,60513.816056527001
B10030,60513.816219740002
B10031,60513.817093792000
B10032,60513.817350621001
B10034,60513.817374339000
B10035,60513.817561520998
B10036,60513.817592015002
B10037,60513.817669958000
B10038,60513.817733641998
B10039,60513.817960822002
B10040,60513.818045139000
B10041,60513.818159882001
B10042,60513.818264916001
B10044,60513.818314162003
B10045,60513.818429100997
B10047,60513.818533111000
B10049,60513.818557095998
B10050,60513.818563731998
B10051,60513.818612210001
B10052,60513.818946391002
B10053,60513.818996239999
B10054,60513.819031562998
B10055,60513.819476648001
B10056,60513.819916574001
B10057,60513.819919463996
B10058,60513.819987479001
B10060,60513.819998933002
B10062,60513.820533974998
B10063,60513.820899637001
B10064,60513.820958015000
B10065,60513.821034298999
B10067,60513.821055695000
B10068,60513.821150295000
B10069,60515.780506641000
B10070,60515.780531213997
B10072,60515.780668587002
B10073,60515.780711968997
B10074,60515.781290414001
B10075,60515.781304194003
B10076,60515.781307759004
B10077,60515.781525965998
B10078,60515.781709394003
B10079,60515.781919991998
B10080,60515.781951962999
B10081,60515.782307964997
B10083,60515.782310679002
B10084,60515.782552910998
B10085,60515.782978458003
B10086,60515.783296449998
B10087,60515.783978822001
B10088,60515.784082405997
B10089,60515.784115328999
B10092,60515.784414333997
B10093,60515.784493747000
B10096,60515.784751981999
B10097,60515.784756339999
B10098,60515.784981153003
B10099,60515.785480660998
B10100,60515.785751536001
B10101,60515.786068522997
B10102,60515.786293625999
B10103,60515.786334167002
B10104,60515.786370889000
B10105,60515.786459518000
B10106,60515.786570714998
B10107,60515.786635352997
B10108,60515.786880909000
B10110,60515.786897564998
B10111,60515.787033936998
B10112,60515.787712215999
B10113,60515.787883946003
B10114,60515.788198301998
B10115,60515.788353987999
B10116,60515.788382284001
B10117,60515.788617890001
B10118,60515.788629397997
B10119,60515.788952536001
B10120,60515.789462414999
B10121,60515.789768183997
B10122,60515.789926229001
B10123,60515.789985320000
B10124,60515.790031891003
B10126,60515.790143396996
B10127,60515.790165626997
B10128,60515.790366544999
B10129,60515.790419662997
B10130,60515.790551013997
B10131,60515.790747706997
B10132,60515.791134284002
B10134,60515.791328091000
B10136,60515.791558940000
B10137,60515.791812035997
B10138,60515.791912793997
B10139,60515.792035450999
B10140,60515.792291193000
B10141,60515.792426856002
B10142,60515.792562208000
B10143,60515.792723275998
B10144,60515.792804653996
B10145,60515.793179191001
B10146,60515.793469012002
B10147,60515.793545990004
B10148,60515.793586145002
B10149,60515.793634246002
B10150,60515.794231082997
B10151,60515.794257873000
B10152,60515.794259410999
B10153,60515.794424275002
B10154,60515.794571913997
B10155,60515.794933625999
B10156,60515.794975839999
B10157,60515.795021915997
B10158,60515.795193846003
B10162,60515.795335586001
B10164,60515.795658463001
B10165,60515.796255906003
B10166,60515.796433493000
B10167,60515.796501443001
B10169,60515.796714643002
B10172,60515.796891227001
B10173,60515.796988349000
B10174,60515.797036607997
B10175,60515.797283332999
B10176,60515.797292160001
B10177,60515.797344969003
B10178,60515.797408045000
B10179,60515.797667289997
B10180,60515.797915319003
B10181,60515.798107702001
B10182,60515.798166088003
B10183,60515.798256406000
B10184,60515.798492661997
B10185,60515.798546482001
B10186,60515.798600196998
B10187,60515.798743038002
B10188,60515.798744403997
B10189,60515.798786965002
B10190,60515.798874562999
B10191,60515.798875950997
B10192,60515.799137954004
B10193,60515.799195141997
B10194,60515.799337666998
B10196,60515.799339268997
B10197,60515.799493455001
B10198,60515.799610116999
B10199,60515.799723757002
B10200,60515.799764078998
B10201,60515.799915893003
B10202,60515.800160569997
B10203,60515.800374152001
B10204,60515.800593574000
B10205,60515.800664766997
B10206,60515.800826477003
B10207,60515.800966387003
B10208,60515.801137893002
B10209,60515.801219756999
B10210,60515.801574659003
B10211,60515.802014647001
B10212,60515.802273546004
B10215,60515.802349004000
B10218,60515.803000565000
B10219,60515.803009641997
B10220,60515.803011479999
B10221,60515.803759216004
B10222,60515.804030544001
B10223,60515.804034872002
B10226,60515.804351197003
B10227,60515.804437510000
B10228,60515.804493973999
B10229,60515.804661098999
B10230,60515.804663162999
B10232,60515.804771256000
B10234,60515.804772866999
B10235,60515.804825596002
B10236,60515.804891063002
B10237,60515.805083968997
B10239,60515.805158199997
B10240,60515.805547923999
B10241,60515.805757524999
B10242,60515.805800301998
B10244,60515.806073688000
B10245,60515.806374098996
B10246,60515.806610090003
B10247,60515.806648484002
B10248,60515.806676325003
B10251,60515.806759120998
B10252,60515.806806022003
B10253,60515.807210252002
B10254,60515.807290427998
B10255,60515.807366512003
B10256,60515.807735946997
B10257,60515.807915728998
B10258,60515.807962029998
B10259,60515.808266776003
B10260,60515.808403411000
B10261,60515.808515908997
B10264,60515.808871685003
B10265,60515.809112112001
B10267,60515.809115860000
B10268,60515.809409603004
B10269,60515.809487020000
B10270,60515.810034438000
B10271,60515.810304473998
B10272,60515.810651280997
B10273,60515.810859117999
B10274,60515.810906350998
B10276,60515.811149734000
B10278,60515.811686576002
B10279,60515.811706086999
B10280,60515.811802793003
B10281,60515.811963943997
B10282,60515.812005198000
B10283,60515.812038258999
B10284,60515.812314700997
B10285,60515.812327555999
B10286,60515.812520259002
B10287,60515.813217305003
B10288,60515.813409859002
B10289,60515.813766933999
B10291,60515.813868112004
B10296,60515.814506089002
B10297,60515.814897652002
B10298,60515.814946564002
B10299,60515.815182769999
B10300,60515.815236290997
B10301,60515.815328235003
B10302,60515.815357446001
B10303,60515.815363102003
B10305,60515.815479420999
B10306,60515.815777336000
B10307,60515.815818937997
B10308,60515.815912279999
B10309,60515.816110783999
B10310,60515.816684682002
B10311,60515.817103754998
B10312,60515.817638802997
B10313,60515.817735495002
B10314,60515.818579222003
B10315,60515.818612579002
B10316,60515.818773337000
B10317,60515.819367238997
B10318,60515.819376216001
B10319,60515.819587069003
B10320,60515.819695555001
B10323,60515.819789540998
B10324,60515.819814369002
B10325,60515.820075376003
B10328,60515.820157877002
B10329,60515.820608330003
B10332,60515.820876746999
B10333,60515.822719420998
B10334,60515.822720969001
B10335,60515.823042322001
B10336,60515.823506886998
B10337,60515.823771251999
B10338,60515.823819696998
B10339,60515.824113433999
B10340,60515.824240490001
B10341,60515.824537863002
B10342,60515.824633197997
B10343,60515.824645182998
B10344,60515.824757978000
B10346,60515.824876027000
B10347,60515.825404515002
B10348,60515.825480883002
B10349,60515.825639059003
B10350,60515.825641445001
B10351,60515.825931977997
B10352,60515.826095746997
B10353,60515.826189852000
B10354,60515.826353311000
B10355,60515.826942118001
B10356,60515.826965353997
B10357,60515.827171413002
B10358,60515.827357964998
B10359,60515.827367659003
B10360,60515.827494013000
B10361,60515.827595472998
B10362,60515.827607357998
B10363,60515.828101489999
B10364,60515.828174773997
B10366,60515.828386207002
B10367,60515.828516777001
B10369,60515.828773446003
B10370,60515.828958036996
B10371,60515.829025018000
B10372,60515.829180260000
B10373,60515.829786044000
B10374,60515.829882616003
B10375,60515.829964393997
B10376,60515.830439821002
B10377,60515.830692736003
B10380,60515.830793579000
B10381,60515.831173379003
B10382,60515.831319814002
B10383,60515.831343461003
B10384,60515.831407760001
B10385,60515.831668642997
B10386,60515.831759779998
B10387,60515.831829814997
B10388,60515.832003841999
B10389,60515.832063998998
B10390,60515.832143792002
B10391,60515.832945950002
B10392,60515.833178551002
B10393,60515.833311125003
B10394,60515.833462925002
B10395,60515.833541966000
B10396,60515.833655233997
B10397,60515.833674250003
B10398,60515.834034359999
B10399,60515.834230542998
B10400,60515.834453181000
B10401,60515.834749658003
B10402,60515.834920007001
B10403,60515.835390253000
B10406,60515.835540120002
B10407,60515.835664004000
B10408,60515.835729537001
B10409,60515.835731649000
B10410,60515.835772644001
B10411,60515.835866504000
B10412,60515.836003711003
B10413,60515.836164277003
B10415,60515.836501694997
B10416,60515.836593990003
B10418,60515.836804963001
B10419,60515.837228256998
B10420,60515.837381341000
B10421,60515.837511060003
B10422,60515.837737670998
B10423,60515.837922860002
B10424,60515.838105959003
B10425,60515.839213701001
B10426,60515.839392102003
B10427,60515.839579336003
B10428,60515.840222373001
B10429,60515.840246906999
B10430,60515.840312280001
B10431,60515.840459783998
B10432,60515.840592394998
B10433,60515.840641661001
B10434,60515.840730028998
B10437,60515.840780330000
B10440,60517.826388353002
B10444,60517.826413645002
B10445,60517.826600679000
B10446,60517.826699227997
B10448,60517.826757397001
B10451,60517.826794574001
B10452,60517.827028526997
B10453,60517.827040090997
B10454,60517.827111512997
B10455,60517.827263665000
B10456,60517.827747367002
B10457,60517.827986730001
B10458,60517.828018143999
B10459,60517.828180206998
B10460,60517.828209956002
B10462,60517.828222780001
B10463,60517.828260292001
B10464,60517.828632837001
B10465,60517.828726132000
B10466,60517.828734641000
B10468,60517.828956193996
B10469,60517.829314223003
B10470,60517.829316531002
B10471,60517.829367195998
B10472,60517.829453641003
B10474,60517.829472247999
B10475,60517.829685709003
B10476,60517.829695799999
B10477,60517.829770021999
B10478,60517.829806980997
B10479,60517.829922530997
B10480,60517.829954150999
B10481,60517.829994640000
B10482,60517.830043816000
B10483,60517.830194977003
B10485,60517.830201047000
B10486,60517.830269594000
B10487,60517.830420168997
B10488,60517.830426385000
B10489,60517.830693589000
B10490,60517.831143253003
B10491,60517.831335444003
B10493,60517.831614786999
B10494,60517.831616363997
B10495,60517.831636010000
B10496,60517.831708311998
B10497,60517.831766028998
B10498,60517.831955704001
B10499,60517.832134974997
B10500,60517.832409424998
B10501,60517.832593296000
B10503,60517.832919517998
B10504,60517.833244873000
B10505,60517.833368553001
B10506,60517.833377905001
B10507,60517.833416567002
B10508,60517.833554352997
B10511,60517.833648614003
B10512,60517.834219017997
B10513,60517.834249950000
B10515,60517.834489533998
B10517,60517.834651461999
B10520,60517.834763601997
B10521,60517.834832326997
B10523,60517.834868903999
B10524,60517.834906762000
B10527,60517.834932612997
B10528,60517.835074306000
B10529,60517.835211124999
B10530,60517.835241091001
B10531,60517.835700295997
B10534,60517.836102996996
B10536,60517.836196361997
B10539,60517.836332589002
B10540,60517.836335631000
B10542,60517.836375696999
B10543,60517.836468246998
B10544,60517.836531146997
B10545,60517.836549054002
B10546,60517.836661136003
B10547,60517.836773620002
B10548,60517.836823398997
B10549,60517.837071460002
B10550,60517.837122862999
B10551,60517.837327451001
B10552,60517.837526902003
B10553,60517.837751835003
B10554,60517.837782854003
B10555,60517.837858714003
B10556,60517.838092860002
B10557,60517.838560365002
B10560,60517.838873478999
B10561,60517.838897544003
B10562,60517.839174004002
B10563,60517.839431622997
B10564,60517.839483636999
B10565,60517.839592680997
B10566,60517.840148746996
B10567,60517.840825842002
B10569,60517.841114572002
B10570,60517.841115862000
B10571,60517.841513369000
B10572,60517.841699466000
B10574,60517.841907349000
B10575,60517.842254203002
B10576,60517.842423923001
B10577,60517.842951744002
B10578,60517.843149496002
B10579,60517.843572655001
B10580,60517.843597694999
B10581,60517.843664729997
B10583,60517.843713424001
B10584,60517.844172040997
B10585,60517.844194122998
B10586,60517.844421595000
B10587,60517.844452889003
B10588,60517.844485622001
B10589,60517.844487476003
B10590,60517.844505109999
B10591,60517.844537051998
B10592,60517.844917110997
B10593,60517.844999692999
B10594,60517.845040961001
B10595,60517.845043111003
B10596,60517.845214822002
B10597,60517.845696042001
B10598,60517.845784381003
B10599,60517.845837444002
B10601,60517.846470878001
B10604,60518.749368197001
B10605,60518.749402062997
B10606,60518.749451793999
B10607,60518.749530182999
B10608,60518.750038352002
B10609,60518.750084122999
B10610,60518.750149106003
B10611,60518.750222103998
B10612,60518.750489086997
B10613,60518.750492043000
B10615,60518.750508930003
B10616,60518.750615605997
B10617,60518.751192794000
B10618,60518.751250793001
B10621,60518.751372648003
B10622,60518.751463323999
B10623,60518.751566350998
B10624,60518.751869808999
B10625,60518.752260590998
B10626,60518.752393650000
B10627,60518.752574241997
B10628,60518.752623508997
B10629,60518.753031745997
B10630,60518.753441350003
B10631,60518.753529061003
B10632,60518.753588177002
B10634,60518.753654166001
B10635,60518.754019132000
B10636,60518.754081963998
B10637,60518.754160596000
B10638,60518.754377865000
B10639,60518.754595920000
B10640,60518.754716625001
B10641,60518.754811530001
B10643,60518.755406853998
B10644,60518.755747495001
B10645,60518.755851002999
B10646,60518.755889073997
B10647,60518.756109080998
B10648,60518.756171068999
B10650,60518.756313133003
B10651,60518.756378894002
B10652,60518.756668257003
B10653,60518.756870507001
B10654,60518.757207240997
B10655,60518.757337016003
B10656,60518.757440948997
B10657,60518.757442194001
B10658,60518.757532973003
B10659,60518.757539778999
B10660,60518.757779205996
B10661,60518.757850146001
B10663,60518.758158238998
B10665,60518.758167109998
B10666,60518.758271462997
B10668,60518.758525677003
B10669,60518.758855426000
B10670,60518.758960532003
B10671,60518.759221013002
B10672,60518.759245066001
B10673,60518.759826109002
B10674,60518.759856832003
B10675,60518.760208341999
B10677,60518.760307794000
B10679,60518.760643955997
B10681,60518.760680209998
B10682,60518.760787459003
B10683,60518.761020190002
B10684,60518.761038347002
B10685,60518.761063956001
B10686,60518.761163224997
B10691,60518.761371893997
B10693,60518.762012899002
B10694,60518.762279930001
B10696,60519.772366245001
B10698,60519.772537211997
B10699,60519.772831745999
B10700,60519.772977965004
B10701,60519.772981082002
B10702,60519.773141202997
B10703,60519.773287434000
B10705,60519.773763124002
B10706,60519.773972203999
B10707,60519.774004764004
B10709,60519.774067320999
B10710,60519.774385211000
B10711,60519.774394460001
B10712,60519.774555702003
B10713,60519.774702838004
B10714,60519.774773062003
B10715,60519.774930844003
B10716,60519.774963999997
B10719,60519.775190642998
B10721,60519.775192309004
B10722,60519.775800566000
B10723,60519.776146367003
B10724,60519.776210582997
B10725,60519.776213488003
B10726,60519.776715956999
B10727,60519.776744563002
B10730,60519.776896269002
B10732,60519.777284623000
B10734,60519.777319964000
B10735,60519.777395750003
B10736,60519.777472191003
B10738,60519.777567921003
B10740,60519.778014080002
B10741,60519.778021669998
B10742,60519.778030048001
B10743,60519.778031864000
B10744,60519.778484167000
B10745,60519.778522943998
B10746,60519.778753726998
B10747,60519.779256624999
B10748,60519.779318877001
B10749,60519.779325172000
B10751,60519.779558597998
B10754,60519.779662034001
B10755,60519.780006900997
B10757,60519.780050168003
B10758,60519.780176924003
B10759,60519.780248351002
B10760,60519.780294106997
B10761,60519.780308287998
B10762,60519.780331492002
B10763,60519.780364165003
B10766,60519.780513837002
B10768,60519.780896128002
B10772,60519.780960753997
B10773,60519.781107043003
B10774,60519.781315335000
B10775,60519.781316963999
B10776,60519.781372411999
B10778,60519.781375913000
B10780,60519.781482330000
B10781,60519.781545528000
B10782,60519.781575560999
B10783,60519.781587819001
B10785,60519.781594610002
B10786,60519.781791964997
B10787,60519.781984592002
B10789,60519.782028474998
B10790,60519.782234022998
B10791,60519.782344715997
B10792,60519.782424846002
B10793,60519.782452717998
B10794,60519.782624519001
B10795,60519.782626104003
B10796,60519.782940254998
B10797,60519.782949813001
B10798,60519.782955260998
B10799,60519.783072347003
B10800,60519.783093395003
B10801,60519.783232472000
B10802,60519.783294859997
B10803,60519.783412810997
B10804,60519.783496030999
B10805,60519.783635562999
B10806,60519.783768672998
B10807,60519.783859155999
B10808,60519.783895143999
B10809,60519.783916312001
B10810,60519.784004187000
B10811,60519.784048276000
B10812,60519.784072474002
B10813,60519.784289960000
B10816,60519.784430614003
B10817,60519.784432738001
B10819,60519.784589882998
B10820,60519.784647287997
B10821,60519.784727323000
B10822,60519.784834518003
B10823,60519.785284596997
B10824,60519.785364641000
B10826,60519.785466745001
B10827,60519.785601067000
B10828,60519.785835866001
B10830,60519.786035165002
B10832,60519.786051827999
B10833,60519.786225675998
B10835,60519.786284843001
B10837,60519.786372158000
B10838,60519.786381518003
B10839,60519.786401931997
B10841,60519.786592912002
B10843,60519.786713292997
B10844,60519.786954622003
B10845,60519.787014203001
B10846,60519.787148435003
B10847,60519.787258178003
B10848,60519.787420307999
B10849,60519.787423251997
B10850,60519.788085168999
B10851,60519.788146922998
B10852,60519.788174544999
B10853,60519.788254961000
B10854,60519.788309228003
B10855,60519.788333769997
B10856,60519.788363161002
B10857,60519.788611472002
B10858,60519.788612812998
B10859,60519.788629611001
B10860,60519.788876557002
B10861,60519.788878778003
B10862,60519.788980883997
B10863,60519.789004862003
B10864,60519.789150042001
B10865,60519.789393079998
B10866,60519.789563498001
B10867,60519.789594271002
B10869,60519.789797712001
B10870,60519.789873927999
B10871,60519.789905610000
B10872,60519.789908261999
B10873,60519.789960242000
B10874,60519.790120562000
B10877,60519.790133677001
B10880,60519.790145838000
B10881,60519.790318195999
B10882,60519.790371030002
B10883,60519.790377411002
B10885,60519.790634680998
B10886,60519.790806543002
B10887,60519.790912274002
B10888,60519.790973369003
B10889,60519.791379886999
B10890,60519.791500063002
B10892,60519.791506087997
B10893,60519.791507708003
B10894,60519.791508928000
B10895,60519.791512194002
B10897,60519.791575545001
B10898,60519.791854547999
B10899,60519.791921575001
B10901,60519.791934979999
B10902,60519.792001376998
B10903,60519.792103530999
B10904,60521.807037471997
B10906,60521.807163477999
B10908,60521.807322738998
B10909,60521.807714449998
B10910,60521.807716520001
B10912,60521.807948210000
B10913,60521.808156733001
B10914,60521.808161189998
B10915,60521.808474627003
B10916,60521.808489146002
B10917,60521.808567965003
B10918,60521.808730534998
B10919,60521.808968614001
B10920,60521.809437967000
B10921,60521.809593933001
B10922,60521.809821508003
B10923,60521.809880667999
B10924,60521.809886442999
B10925,60521.809944724002
B10926,60521.809965057997
B10927,60521.810159027998
B10928,60521.810496054000
B10929,60521.810630050000
B10930,60521.810714717001
B10931,60521.810783401001
B10932,60521.811060027998
B10933,60521.811117434001
B10934,60521.811453879003
B10936,60521.811533050997
B10937,60521.811603178998
B10938,60521.811657751001
B10939,60521.811678555001
B10940,60521.811691205003
B10941,60521.811815050998
B10942,60521.812029907000
B10943,60521.812093159002
B10946,60521.812132696003
B10947,60521.812166320000
B10948,60521.812199047003
B10949,60521.812364680998
B10950,60521.812593978000
B10952,60521.812656356000
B10953,60521.812859062004
B10954,60521.813078519997
B10955,60521.813114454002
B10956,60521.813224607999
B10957,60521.813300618996
B10958,60521.813322192000
B10959,60521.813360462998
B10960,60521.813789173000
B10961,60521.813803969002
B10962,60521.813817980998
B10963,60521.814010148999
B10964,60521.814096485999
B10965,60521.814103807999
B10966,60521.814819090003
B10967,60521.815280723997
B10968,60521.815363864000
B10969,60521.815641294997
B10970,60521.815690429001
B10972,60521.815701797997
B10973,60521.815757283999
B10974,60521.815849250001
B10975,60521.815851138002
B10976,60521.815985631001
B10978,60521.816140247996
B10979,60521.816192801001
B10981,60521.816201012000
B10982,60521.816700586001
B10983,60521.816772471000
B10985,60521.817011660998
B10986,60521.817181819002
B10988,60521.817777135002
B10990,60521.817844160003
B10991,60521.818169473001
B10992,60521.818226178002
B10994,60521.818349055000
B10995,60521.818449423998
B10996,60521.818507151998
B10998,60521.818734451997
B10999,60521.819089372999
B11000,60521.819215319003
B11001,60521.819351448001
B11002,60521.819376631000
B11003,60521.819447606002
B11004,60521.820193444000
B11005,60521.820213874998
B11006,60521.820227097000
B11007,60521.820974173002
B11009,60521.820989724998
B11010,60521.821110067001
B11011,60521.821175402001
B11012,60521.821207054003
B11013,60521.821328088998
B11014,60521.821492554001
B11015,60521.821509693997
B11016,60521.821573105997
B11019,60521.821706315997
B11020,60521.821953102997
B11021,60521.822188418002
B11022,60521.822189808998
B11023,60521.822290358003
B11024,60521.822385011001
B11025,60521.822544226998
B11026,60521.822955395000
B11027,60521.823214978998
B11028,60521.823437860003
B11029,60521.823589262996
B11030,60521.823654273001
B11031,60521.824341974003
B11032,60521.824572254001
B11033,60521.824855239000
B11034,60521.825680766997
B11035,60521.825727488998
B11036,60521.825791552998
B11037,60521.826597822001
B11040,60521.826652636999
B11041,60521.826916397004
B11042,60524.790533954001
B11043,60524.790638045000
B11045,60524.790646442001
B11046,60524.790690221998
B11047,60524.790783306998
B11050,60524.791397644003
B11051,60524.791430990997
B11052,60524.791536431003
B11053,60524.791585708001
B11055,60524.791807287998
B11056,60524.791850146001
B11057,60524.791891048997
B11058,60524.792051026001
B11059,60524.792224846002
B11060,60524.792492633002
B11061,60524.792512665001
B11062,60524.792536574998
B11063,60524.792654372999
B11064,60524.792671672003
B11065,60524.792716527998
B11067,60524.793047965002
B11068,60524.793049565997
B11069,60524.793102878000
B11070,60524.793192853998
B11071,60524.793463299997
B11072,60524.793559575999
B11074,60524.793569285001
B11075,60524.793897837000
B11076,60524.793922819001
B11077,60524.793943167002
B11078,60524.794179921999
B11079,60524.794219156000
B11080,60524.794274640997
B11081,60524.794418550999
B11082,60524.794689203998
B11083,60524.795046822001
B11084,60524.795342750003
B11089,60524.795448445999
B11090,60524.795515762999
B11091,60524.795883578001
B11092,60524.796158543999
B11093,60524.796186195003
B11094,60524.796205977000
B11095,60524.796266511003
B11096,60524.796289630998
B11097,60524.796428324000
B11098,60524.796441414997
B11099,60524.796568347003
B11100,60524.796714340999
B11101,60524.796853703003
B11102,60524.797031501999
B11103,60524.797121290001
B11105,60524.797482577997
B11106,60524.797545838999
B11107,60524.797692353000
B11108,60524.797807306997
B11109,60524.797889139998
B11110,60524.798039027002
B11111,60524.798116152997
B11113,60524.798426426998
B11114,60524.798474663003
B11115,60524.798534332003
B11116,60524.798718445003
B11117,60524.799435838002
B11118,60524.799628888999
B11119,60524.799699579002
B11120,60524.799856202997
B11121,60524.800193117000
B11122,60524.800263650999
B11123,60524.800553255998
B11124,60524.800643276001
B11126,60524.800684100999
B11127,60524.800732798001
B11129,60524.800812168003
B11131,60524.800814310998
B11133,60524.801106986000
B11136,60524.801480586000
B11137,60524.801535154998
B11138,60524.801646264001
B11139,60524.802011339998
B11140,60524.802433274002
B11143,60524.802556793999
B11145,60524.802695241997
B11146,60524.802709814001
B11147,60524.802936635002
B11148,60524.803232623999
B11149,60524.803447498998
B11150,60527.784990540997
B11152,60527.785335278000
B11153,60527.785482200998
B11154,60527.785567762003
B11155,60527.785608389000
B11156,60527.785689882003
B11157,60527.786143578996
B11158,60527.787042085998
B11159,60527.787335096997
B11160,60527.787389577003
B11161,60527.787522118000
B11162,60527.787631812003
B11163,60527.788089077003
B11164,60527.788322761997
B11165,60527.788341528998
B11166,60527.788732998997
B11167,60527.789147158001
B11168,60527.789187955997
B11169,60527.789732172001
B11171,60527.789956510998
B11172,60527.790007463998
B11174,60527.790810705999
B11176,60527.790861155998
B11177,60527.790962779000
B11178,60527.791248162997
B11179,60527.791828107998
B11180,60527.791915422000
B11181,60527.791917953000
B11182,60527.792164172002
B11183,60527.792429920999
B11184,60527.792504769997
B11185,60527.792679421997
B11186,60527.792808965001
B11187,60527.792936837002
B11188,60527.794011561004
B11191,60527.794073359997
B11192,60527.794228658997
B11193,60527.794348850999
B11194,60527.794539568000
B11195,60527.794700717001
B11196,60527.795839086000
B11197,60527.795896786003
B11198,60527.796513690999
B11199,60527.796734452000
B11200,60527.796801179997
B11201,60527.797659677002
B11202,60530.782744600001
B11205,60530.782756239001
B11206,60530.783341260998
B11207,60530.783417163002
B11208,60530.783579057002
B11209,60530.783962636997
B11212,60530.783967340001
B11213,60530.784345870001
B11214,60530.784349752998
B11215,60530.784449833998
B11216,60530.784540376000
B11217,60530.784580195002
B11218,60530.784693460002
B11219,60530.784716016999
B11220,60530.784739203998
B11221,60530.784889315997
B11222,60530.784905414999
B11223,60530.784945804997
B11224,60530.784947387998
B11226,60530.784962388003
B11227,60530.784989574997
B11228,60530.785373104998
B11229,60530.786015307000
B11230,60530.786567543000
B11231,60530.786703484999
B11232,60530.786763844000
B11233,60530.786786233002
B11234,60530.786900765001
B11235,60530.786930980998
B11236,60530.787095608001
B11237,60530.787334619999
B11238,60530.787352015002
B11239,60530.787459737003
B11240,60530.787469194001
B11242,60530.787471235999
B11244,60530.787650557002
B11245,60530.787901012001
B11246,60530.787914653003
B11247,60530.788114891002
B11248,60530.788272803999
B11249,60530.788286169001
B11250,60530.788521406001
B11251,60530.788522716997
B11253,60530.788626472997
B11254,60530.788804032003
B11255,60530.788838505003
B11257,60530.789155676997
B11259,60530.789169041003
B11260,60530.789457489002
B11261,60530.789575839997
B11263,60530.789840537000
B11264,60530.789930238003
B11265,60530.790015922998
B11266,60530.790018446001
B11268,60530.790038011997
B11269,60530.790112383998
B11270,60530.790342339998
B11271,60530.790472036002
B11272,60530.790503089003
B11273,60530.790793913002
B11274,60530.790994219002
B11275,60530.791019832002
B11276,60530.791063867997
B11277,60530.791196607002
B11278,60530.791630822998
B11279,60530.791980818001
B11280,60530.792170394001
B11281,60530.792314664999
B11282,60530.793184069000
B11283,60530.793365398000
B11284,60530.793458186999
B11285,60530.793901153003
B11286,60530.794048213997
B11287,60530.794578829998
B11288,60530.795006900997
B11289,60530.795348719999
B11290,60530.795375749003
B11292,60536.785129682001
B11294,60536.785394152001
B11295,60536.785448426002
B11296,60536.785508364999
B11297,60536.785554684997
B11298,60536.785689302000
B11299,60536.785864787002
B11300,60536.786173521999
B11301,60536.786453113004
B11302,60536.786681074998
B11303,60536.787314717003
B11304,60536.787377453002
B11305,60536.787447666997
B11306,60536.787542332000
B11307,60536.787764932000
B11309,60536.787789872003
B11310,60536.788052753996
B11311,60536.788079965001
B11312,60536.788360225000
B11314,60536.788431432004
B11315,60536.788432907000
B11316,60536.788730783999
B11317,60536.789648487997
B11318,60536.789756498001
B11319,60536.789771315001
B11320,60536.789834285999
B11321,60536.789886423001
B11322,60536.789927165002
B11323,60536.789998781998
B11324,60536.790036047001
B11326,60536.790170446002
B11327,60536.790413331997
B11328,60536.790654217002
B11330,60536.790690037997
B11331,60536.790709923996
B11332,60536.790711316004
B11333,60536.790712968999
B11334,60536.790885255999
B11335,60536.791391872001
B11336,60536.791472962002
B11337,60536.791533064003
B11338,60536.791678376998
B11339,60536.791820175997
B11340,60536.791948532999
B11341,60536.792377252998
B11342,60536.792529906998
B11343,60536.792655491001
B11346,60536.792659316001
B11347,60536.792881777998
B11349,60536.793027603999
B11351,60536.793107133999
B11352,60536.793196102997
B11353,60536.793428051998
B11354,60536.793469358003
B11355,60536.793999111003
B11356,60536.794275202003
B11357,60536.794328242002
B11358,60536.794438682999
B11359,60536.794817123002
B11360,60536.794832528001
B11361,60536.794866739001
B11362,60536.795084896999
B11363,60536.795797461004
B11364,60536.795917782001
B11365,60536.795999886002
B11366,60536.796404692999
B11367,60536.796658050996
B11368,60536.796772050002
B11369,60536.796774732997
B11370,60536.796919045002
B11371,60536.797066070001
B11372,60536.797194541999
B11373,60536.797820163003
B11374,60536.797829055002
B11375,60536.797954647998
B11376,60536.798155695004
B11377,60536.798188373003
B11378,60539.717181786997
B11379,60539.717480239000
B11380,60539.717784268003
B11381,60539.717972947998
B11382,60539.718212612002
B11383,60539.718407432003
B11384,60539.718421737998
B11385,60539.719383939999
B11386,60539.719797616999
B11389,60539.719893720998
B11390,60539.720138185003
B11392,60539.720224507000
B11393,60539.720299476998
B11394,60539.720355341997
B11395,60539.720409036003
B11396,60539.720792344000
B11397,60539.721109373997
B11398,60539.721111398998
B11399,60539.721381337004
B11400,60539.721553697003
B11401,60539.721599425997
B11402,60539.721600837998
B11403,60539.721949874001
B11404,60539.722438810000
B11406,60539.722475477000
B11407,60539.722989226000
B11408,60539.723111753003
B11409,60539.723127580997
B11410,60539.723134544001
B11411,60539.723196596002
B11412,60539.723278530000
B11413,60539.723366997998
B11414,60539.723423937001
B11415,60539.723446233998
B11416,60539.723597001997
B11417,60539.723603111001
B11418,60539.724270332001
B11419,60539.724979817998
B11420,60539.725066166997
B11421,60539.725289567003
B11422,60539.725318723002
B11423,60539.725541542000
B11424,60539.725732845996
B11425,60539.725880671002
B11426,60539.726278135000
B11427,60539.726566129997
B11428,60539.726660241002
B11429,60539.726717751997
B11430,60539.726883137999
B11431,60539.726884955002
B11432,60539.726952755998
B11434,60539.727055187999
B11435,60539.727141625997
B11436,60539.727219881999
B11437,60539.727832899996
B11438,60539.728695600003
B11439,60539.728891352999
B11442,60539.729048079003
B11443,60539.729246748997
B11444,60539.729263296002
B11445,60539.729467213001
B11446,60539.729621771003
B11447,60539.730161694999
B11448,60543.745087846000
B11450,60543.745698163002
B11454,60543.745977056999
B11455,60543.746781351998
B11456,60543.746978518000
B11457,60543.747090607998
B11458,60543.747156372003
B11459,60543.747597234003
B11460,60543.747834009999
B11461,60543.748052082003
B11462,60543.748337210003
B11463,60543.748479642003
B11465,60543.748630306000
B11466,60543.748653285002
B11467,60543.748656153999
B11469,60543.748708988998
B11470,60543.748735920002
B11471,60543.748930736998
B11474,60543.748933722003
B11475,60543.749134862999
B11476,60543.749817557000
B11478,60543.750116837997
B11479,60543.750710469001
B11480,60543.751008189000
B11481,60543.751052594998
B11482,60543.751123365997
B11483,60543.751145458999
B11485,60543.751172468998
B11486,60543.751369017999
B11487,60543.752084699001
B11488,60543.752185101002
B11489,60543.752188074999
B11490,60543.752318790001
B11491,60543.752346485999
B11492,60543.752377502999
B11493,60543.752457579998
B11494,60543.752973736002
B11495,60543.753261045997
B11496,60543.753774545999
B11497,60543.754002303001
B11498,60543.754004948998
B11499,60543.754135684998
B11500,60543.754254034000
B11502,60543.754256380998
B11503,60543.754640904997
B11504,60543.755170705997
B11505,60543.755881327997
B11506,60543.755976692002
B11507,60543.756078696999
B11508,60543.756252345003
B11509,60543.756945451998
B11511,60543.757044299004
B11512,60543.757102153999
B11513,60543.757170163000
B11514,60551.707689160998
B11515,60551.707783101003
B11516,60551.707795322996
B11517,60551.708341038997
B11518,60551.708842082997
B11519,60551.709232410998
B11520,60551.709291509003
B11522,60551.709294651002
B11523,60551.709392983001
B11525,60551.709405556001
B11526,60551.710151305000
B11527,60551.710162864998
B11528,60551.710605544999
B11530,60551.710671209999
B11531,60551.710892089002
B11532,60551.711627454002
B11533,60551.712165712001
B11534,60551.712213284998
B11535,60551.712588513001
B11536,60551.713175256002
B11537,60551.713370901001
B11538,60551.713673127997
B11539,60551.713775579003
B11540,60551.714148088002
B11541,60551.714252439997
B11542,60551.714277318999
B11543,60551.716213833002
B11544,60551.716967865999
B11545,60551.716980457997
B11547,60551.716983067003
B11548,60551.717691053003
B11549,60551.718359113001
B11550,60551.718875860002
B11551,60551.718969601003
B11552,60551.719076724999
B11553,60551.719216965997
